product_id,customer_id,time_id,volume
1,4,1,806.75
1,4,2,731.57
1,4,3,769.54
1,4,4,696.45
1,4,5,655.23
1,4,6,795.06
1,4,7,760.52
1,4,8,725.53
1,4,9,765.01
1,4,10,744.86
1,4,11,652.03
1,4,12,658.66
1,4,13,847.56
1,4,14,868.19
1,4,15,718.07
1,4,16,679.64
1,4,17,734.85
1,4,18,684.47
1,4,19,665.79
1,4,20,737.37
1,4,21,730.28
1,4,22,669.92
1,4,23,768.26
1,4,24,703.81
1,4,25,694.64
1,4,26,714.64
1,4,27,811.82
1,4,28,786.39
1,4,29,677.95
1,4,30,730.31
1,4,31,790.35
1,4,32,670.99
1,4,33,782.71
1,4,34,728.16
1,4,35,752.32
1,4,36,721.66
1,4,37,772.53
1,4,38,788.51
1,4,39,787.73
1,4,40,770.35
1,4,41,754.28
1,4,42,724.20
1,4,43,740.84
1,4,44,756.49
1,4,45,768.23
1,4,46,713.91
1,4,47,765.34
1,4,48,838.09
1,4,49,724.39
1,4,50,736.39
1,4,51,656.22
1,4,52,740.99
1,4,53,658.58
1,4,54,696.99
1,4,55,868.87
1,4,56,794.44
1,4,57,697.06
1,4,58,673.43
1,4,59,651.00
1,4,60,682.51
1,4,61,697.26
1,4,62,826.22
1,4,63,800.75
1,4,64,641.67
1,4,65,713.42
1,4,66,728.35
1,4,67,693.12
1,4,68,745.09
1,4,69,780.00
1,4,70,729.03
1,4,71,684.13
1,4,72,697.94
1,4,73,671.11
1,4,74,661.91
1,4,75,728.05
1,4,76,802.40
1,4,77,818.04
1,4,78,657.97
1,4,79,774.00
1,4,80,682.09
1,4,81,704.24
1,4,82,783.68
1,4,83,833.30
1,4,84,750.36
1,4,85,667.92
1,4,86,691.73
1,4,87,672.34
1,4,88,648.49
1,4,89,782.65
1,4,90,751.65
1,5,1,777.13
1,5,2,756.45
1,5,3,750.49
1,5,4,670.75
1,5,5,723.59
1,5,6,730.51
1,5,7,778.99
1,5,8,623.82
1,5,9,749.77
1,5,10,723.13
1,5,11,660.65
1,5,12,740.02
1,5,13,788.57
1,5,14,814.12
1,5,15,671.89
1,5,16,664.86
1,5,17,747.59
1,5,18,740.38
1,5,19,686.25
1,5,20,756.71
1,5,21,815.73
1,5,22,648.64
1,5,23,673.69
1,5,24,674.21
1,5,25,729.98
1,5,26,671.62
1,5,27,783.81
1,5,28,709.95
1,5,29,642.16
1,5,30,658.71
1,5,31,722.95
1,5,32,638.41
1,5,33,690.75
1,5,34,724.34
1,5,35,813.81
1,5,36,669.82
1,5,37,646.57
1,5,38,757.45
1,5,39,730.58
1,5,40,723.25
1,5,41,810.36
1,5,42,712.70
1,5,43,702.57
1,5,44,667.02
1,5,45,739.54
1,5,46,719.78
1,5,47,676.64
1,5,48,776.61
1,5,49,746.79
1,5,50,632.41
1,5,51,718.48
1,5,52,637.39
1,5,53,633.38
1,5,54,686.50
1,5,55,821.60
1,5,56,725.49
1,5,57,645.21
1,5,58,664.27
1,5,59,672.39
1,5,60,666.50
1,5,61,667.99
1,5,62,729.76
1,5,63,836.85
1,5,64,624.76
1,5,65,752.28
1,5,66,718.20
1,5,67,735.75
1,5,68,693.93
1,5,69,692.94
1,5,70,739.53
1,5,71,655.69
1,5,72,679.77
1,5,73,761.56
1,5,74,674.41
1,5,75,692.00
1,5,76,733.35
1,5,77,696.27
1,5,78,693.58
1,5,79,632.33
1,5,80,743.72
1,5,81,722.34
1,5,82,637.94
1,5,83,760.89
1,5,84,753.05
1,5,85,663.79
1,5,86,642.11
1,5,87,728.38
1,5,88,680.57
1,5,89,690.91
1,5,90,771.33
1,6,1,598.46
1,6,2,670.06
1,6,3,621.76
1,6,4,564.36
1,6,5,658.08
1,6,6,632.11
1,6,7,653.15
1,6,8,526.70
1,6,9,634.52
1,6,10,581.83
1,6,11,578.57
1,6,12,627.82
1,6,13,711.62
1,6,14,612.39
1,6,15,560.05
1,6,16,597.13
1,6,17,620.14
1,6,18,650.30
1,6,19,630.74
1,6,20,715.98
1,6,21,623.45
1,6,22,627.87
1,6,23,558.95
1,6,24,588.57
1,6,25,664.10
1,6,26,564.59
1,6,27,646.39
1,6,28,732.04
1,6,29,533.25
1,6,30,651.33
1,6,31,581.52
1,6,32,543.89
1,6,33,602.08
1,6,34,610.97
1,6,35,672.97
1,6,36,540.58
1,6,37,595.11
1,6,38,630.72
1,6,39,669.03
1,6,40,578.55
1,6,41,659.76
1,6,42,641.08
1,6,43,602.29
1,6,44,586.71
1,6,45,570.08
1,6,46,595.98
1,6,47,667.76
1,6,48,609.33
1,6,49,667.75
1,6,50,557.05
1,6,51,559.62
1,6,52,594.32
1,6,53,645.53
1,6,54,617.93
1,6,55,722.56
1,6,56,627.82
1,6,57,544.03
1,6,58,608.28
1,6,59,577.42
1,6,60,686.21
1,6,61,588.39
1,6,62,664.99
1,6,63,607.03
1,6,64,552.05
1,6,65,577.23
1,6,66,605.29
1,6,67,558.64
1,6,68,587.11
1,6,69,667.37
1,6,70,716.29
1,6,71,591.91
1,6,72,640.41
1,6,73,583.57
1,6,74,638.00
1,6,75,602.71
1,6,76,730.12
1,6,77,649.63
1,6,78,635.80
1,6,79,570.87
1,6,80,612.46
1,6,81,569.29
1,6,82,585.88
1,6,83,647.55
1,6,84,674.04
1,6,85,600.86
1,6,86,667.80
1,6,87,601.09
1,6,88,658.78
1,6,89,665.42
1,6,90,676.49
1,15,1,598.21
1,15,2,580.00
1,15,3,585.08
1,15,4,623.28
1,15,5,636.67
1,15,6,614.61
1,15,7,628.27
1,15,8,568.33
1,15,9,588.10
1,15,10,595.99
1,15,11,660.40
1,15,12,615.81
1,15,13,653.81
1,15,14,626.70
1,15,15,617.73
1,15,16,584.38
1,15,17,670.96
1,15,18,631.68
1,15,19,653.76
1,15,20,656.14
1,15,21,662.47
1,15,22,570.67
1,15,23,565.33
1,15,24,566.23
1,15,25,568.06
1,15,26,620.63
1,15,27,740.69
1,15,28,713.11
1,15,29,536.26
1,15,30,574.13
1,15,31,620.02
1,15,32,570.92
1,15,33,569.84
1,15,34,627.75
1,15,35,661.00
1,15,36,594.06
1,15,37,569.32
1,15,38,595.37
1,15,39,566.42
1,15,40,583.10
1,15,41,695.09
1,15,42,693.97
1,15,43,574.69
1,15,44,593.27
1,15,45,566.85
1,15,46,564.70
1,15,47,632.67
1,15,48,726.87
1,15,49,690.40
1,15,50,640.64
1,15,51,586.13
1,15,52,652.39
1,15,53,623.75
1,15,54,636.95
1,15,55,615.65
1,15,56,693.74
1,15,57,642.48
1,15,58,577.05
1,15,59,607.48
1,15,60,675.54
1,15,61,654.08
1,15,62,663.56
1,15,63,665.82
1,15,64,525.88
1,15,65,588.72
1,15,66,578.35
1,15,67,600.16
1,15,68,653.20
1,15,69,625.59
1,15,70,641.33
1,15,71,549.01
1,15,72,594.97
1,15,73,602.97
1,15,74,653.11
1,15,75,645.46
1,15,76,707.89
1,15,77,669.60
1,15,78,566.12
1,15,79,608.84
1,15,80,559.87
1,15,81,629.34
1,15,82,576.79
1,15,83,686.18
1,15,84,613.84
1,15,85,586.55
1,15,86,579.81
1,15,87,603.48
1,15,88,643.94
1,15,89,639.00
1,15,90,616.45
1,16,1,681.19
1,16,2,727.92
1,16,3,732.45
1,16,4,615.62
1,16,5,729.44
1,16,6,692.44
1,16,7,669.90
1,16,8,657.22
1,16,9,735.32
1,16,10,699.89
1,16,11,612.27
1,16,12,658.31
1,16,13,728.07
1,16,14,680.43
1,16,15,679.32
1,16,16,616.06
1,16,17,708.31
1,16,18,735.86
1,16,19,727.82
1,16,20,731.80
1,16,21,700.15
1,16,22,597.63
1,16,23,734.81
1,16,24,677.20
1,16,25,615.07
1,16,26,702.66
1,16,27,684.72
1,16,28,766.59
1,16,29,619.01
1,16,30,649.59
1,16,31,715.46
1,16,32,496.87
1,16,33,719.49
1,16,34,750.61
1,16,35,671.98
1,16,36,699.70
1,16,37,609.47
1,16,38,673.35
1,16,39,637.43
1,16,40,739.83
1,16,41,727.87
1,16,42,761.93
1,16,43,634.35
1,16,44,656.49
1,16,45,682.56
1,16,46,742.10
1,16,47,732.52
1,16,48,734.04
1,16,49,676.56
1,16,50,608.67
1,16,51,677.15
1,16,52,678.69
1,16,53,741.96
1,16,54,609.20
1,16,55,816.52
1,16,56,762.11
1,16,57,608.48
1,16,58,719.58
1,16,59,620.47
1,16,60,847.34
1,16,61,663.22
1,16,62,752.32
1,16,63,788.91
1,16,64,646.81
1,16,65,732.13
1,16,66,717.49
1,16,67,641.78
1,16,68,694.44
1,16,69,692.37
1,16,70,692.42
1,16,71,583.67
1,16,72,737.97
1,16,73,706.72
1,16,74,737.93
1,16,75,732.71
1,16,76,723.72
1,16,77,793.57
1,16,78,583.96
1,16,79,708.96
1,16,80,689.58
1,16,81,668.10
1,16,82,728.73
1,16,83,683.72
1,16,84,723.33
1,16,85,632.09
1,16,86,620.28
1,16,87,731.38
1,16,88,668.80
1,16,89,641.33
1,16,90,765.22
2,4,1,687.31
2,4,2,772.02
2,4,3,700.51
2,4,4,677.34
2,4,5,712.89
2,4,6,794.49
2,4,7,722.88
2,4,8,652.19
2,4,9,750.73
2,4,10,729.34
2,4,11,725.82
2,4,12,748.73
2,4,13,821.68
2,4,14,789.01
2,4,15,673.29
2,4,16,652.57
2,4,17,715.13
2,4,18,695.25
2,4,19,751.74
2,4,20,846.94
2,4,21,709.43
2,4,22,747.87
2,4,23,722.96
2,4,24,714.89
2,4,25,688.77
2,4,26,693.55
2,4,27,827.62
2,4,28,719.65
2,4,29,714.93
2,4,30,760.94
2,4,31,759.89
2,4,32,729.15
2,4,33,704.38
2,4,34,736.44
2,4,35,789.76
2,4,36,676.80
2,4,37,770.77
2,4,38,698.87
2,4,39,651.70
2,4,40,673.21
2,4,41,738.03
2,4,42,815.08
2,4,43,635.87
2,4,44,668.40
2,4,45,737.50
2,4,46,757.48
2,4,47,673.83
2,4,48,865.88
2,4,49,767.14
2,4,50,690.47
2,4,51,775.09
2,4,52,733.07
2,4,53,752.59
2,4,54,765.47
2,4,55,831.67
2,4,56,800.20
2,4,57,669.24
2,4,58,707.15
2,4,59,726.86
2,4,60,731.20
2,4,61,777.69
2,4,62,753.74
2,4,63,842.86
2,4,64,736.14
2,4,65,740.74
2,4,66,769.02
2,4,67,724.01
2,4,68,698.87
2,4,69,846.02
2,4,70,743.99
2,4,71,686.95
2,4,72,697.50
2,4,73,671.13
2,4,74,655.86
2,4,75,741.16
2,4,76,740.66
2,4,77,718.67
2,4,78,703.75
2,4,79,728.82
2,4,80,748.66
2,4,81,750.85
2,4,82,675.91
2,4,83,829.48
2,4,84,860.17
2,4,85,693.57
2,4,86,660.25
2,4,87,767.66
2,4,88,644.94
2,4,89,665.07
2,4,90,717.20
2,5,1,601.44
2,5,2,680.99
2,5,3,684.70
2,5,4,629.14
2,5,5,632.39
2,5,6,687.28
2,5,7,681.38
2,5,8,576.80
2,5,9,619.92
2,5,10,580.06
2,5,11,604.15
2,5,12,627.41
2,5,13,742.00
2,5,14,674.28
2,5,15,585.91
2,5,16,604.86
2,5,17,582.25
2,5,18,636.26
2,5,19,644.67
2,5,20,633.93
2,5,21,653.00
2,5,22,634.16
2,5,23,621.45
2,5,24,677.92
2,5,25,588.06
2,5,26,608.95
2,5,27,747.75
2,5,28,688.48
2,5,29,647.72
2,5,30,686.84
2,5,31,585.63
2,5,32,624.25
2,5,33,673.79
2,5,34,697.66
2,5,35,755.29
2,5,36,603.09
2,5,37,630.66
2,5,38,604.48
2,5,39,562.20
2,5,40,636.84
2,5,41,641.12
2,5,42,681.27
2,5,43,559.36
2,5,44,647.88
2,5,45,614.98
2,5,46,600.62
2,5,47,671.11
2,5,48,711.51
2,5,49,674.65
2,5,50,570.53
2,5,51,589.02
2,5,52,677.15
2,5,53,655.69
2,5,54,652.11
2,5,55,639.63
2,5,56,628.07
2,5,57,648.59
2,5,58,622.73
2,5,59,673.26
2,5,60,647.55
2,5,61,644.87
2,5,62,748.56
2,5,63,626.75
2,5,64,630.03
2,5,65,680.26
2,5,66,590.64
2,5,67,664.55
2,5,68,575.11
2,5,69,676.07
2,5,70,721.71
2,5,71,546.50
2,5,72,616.73
2,5,73,576.11
2,5,74,679.07
2,5,75,605.34
2,5,76,669.04
2,5,77,702.33
2,5,78,620.93
2,5,79,568.72
2,5,80,665.10
2,5,81,617.58
2,5,82,617.23
2,5,83,674.73
2,5,84,688.99
2,5,85,647.05
2,5,86,680.68
2,5,87,682.07
2,5,88,668.30
2,5,89,662.25
2,5,90,619.26
2,6,1,643.16
2,6,2,638.60
2,6,3,649.69
2,6,4,594.29
2,6,5,583.35
2,6,6,686.79
2,6,7,688.06
2,6,8,631.49
2,6,9,688.17
2,6,10,606.53
2,6,11,644.21
2,6,12,585.16
2,6,13,668.83
2,6,14,736.14
2,6,15,609.65
2,6,16,693.99
2,6,17,604.19
2,6,18,607.34
2,6,19,679.23
2,6,20,707.07
2,6,21,705.60
2,6,22,622.70
2,6,23,667.93
2,6,24,618.23
2,6,25,600.40
2,6,26,599.74
2,6,27,653.91
2,6,28,737.41
2,6,29,549.31
2,6,30,590.33
2,6,31,646.53
2,6,32,614.83
2,6,33,690.54
2,6,34,749.51
2,6,35,689.83
2,6,36,585.66
2,6,37,594.39
2,6,38,649.51
2,6,39,580.69
2,6,40,684.07
2,6,41,745.77
2,6,42,641.11
2,6,43,568.45
2,6,44,633.64
2,6,45,636.19
2,6,46,706.03
2,6,47,623.38
2,6,48,684.74
2,6,49,734.95
2,6,50,597.32
2,6,51,630.89
2,6,52,593.00
2,6,53,653.76
2,6,54,609.05
2,6,55,641.05
2,6,56,649.71
2,6,57,600.69
2,6,58,668.38
2,6,59,602.84
2,6,60,667.89
2,6,61,598.38
2,6,62,752.66
2,6,63,667.46
2,6,64,599.10
2,6,65,691.31
2,6,66,658.66
2,6,67,642.89
2,6,68,673.71
2,6,69,746.94
2,6,70,689.76
2,6,71,559.06
2,6,72,666.26
2,6,73,645.52
2,6,74,697.16
2,6,75,659.41
2,6,76,737.84
2,6,77,708.65
2,6,78,563.82
2,6,79,649.81
2,6,80,654.59
2,6,81,657.27
2,6,82,678.56
2,6,83,639.65
2,6,84,673.88
2,6,85,579.00
2,6,86,599.09
2,6,87,704.89
2,6,88,640.41
2,6,89,621.07
2,6,90,666.71
2,15,1,699.94
2,15,2,624.29
2,15,3,601.23
2,15,4,601.84
2,15,5,699.45
2,15,6,752.20
2,15,7,745.38
2,15,8,590.24
2,15,9,685.28
2,15,10,581.18
2,15,11,642.33
2,15,12,605.30
2,15,13,664.57
2,15,14,768.41
2,15,15,639.12
2,15,16,586.42
2,15,17,641.75
2,15,18,653.82
2,15,19,643.74
2,15,20,721.81
2,15,21,686.21
2,15,22,565.49
2,15,23,616.07
2,15,24,672.48
2,15,25,594.51
2,15,26,629.22
2,15,27,686.18
2,15,28,698.09
2,15,29,579.40
2,15,30,669.90
2,15,31,615.36
2,15,32,669.63
2,15,33,611.40
2,15,34,723.36
2,15,35,708.96
2,15,36,616.14
2,15,37,607.39
2,15,38,663.61
2,15,39,644.38
2,15,40,586.19
2,15,41,750.21
2,15,42,701.61
2,15,43,649.44
2,15,44,607.90
2,15,45,589.74
2,15,46,676.45
2,15,47,705.42
2,15,48,769.58
2,15,49,712.08
2,15,50,552.40
2,15,51,591.87
2,15,52,579.26
2,15,53,686.25
2,15,54,628.03
2,15,55,714.35
2,15,56,745.22
2,15,57,616.62
2,15,58,639.44
2,15,59,621.82
2,15,60,559.19
2,15,61,653.97
2,15,62,776.95
2,15,63,644.32
2,15,64,621.92
2,15,65,650.55
2,15,66,703.16
2,15,67,603.32
2,15,68,706.31
2,15,69,711.13
2,15,70,648.43
2,15,71,555.53
2,15,72,639.48
2,15,73,588.65
2,15,74,705.28
2,15,75,606.44
2,15,76,750.38
2,15,77,756.03
2,15,78,615.46
2,15,79,592.05
2,15,80,670.99
2,15,81,700.58
2,15,82,697.53
2,15,83,734.51
2,15,84,764.42
2,15,85,671.44
2,15,86,684.31
2,15,87,590.13
2,15,88,590.25
2,15,89,671.52
2,15,90,726.66
2,16,1,652.72
2,16,2,750.19
2,16,3,708.28
2,16,4,670.80
2,16,5,699.12
2,16,6,727.95
2,16,7,751.95
2,16,8,652.38
2,16,9,701.08
2,16,10,716.26
2,16,11,653.70
2,16,12,759.32
2,16,13,808.18
2,16,14,759.63
2,16,15,627.50
2,16,16,769.76
2,16,17,682.24
2,16,18,672.10
2,16,19,692.42
2,16,20,810.66
2,16,21,763.53
2,16,22,704.11
2,16,23,760.54
2,16,24,770.04
2,16,25,718.51
2,16,26,679.54
2,16,27,805.01
2,16,28,731.31
2,16,29,623.47
2,16,30,755.67
2,16,31,748.99
2,16,32,740.45
2,16,33,680.29
2,16,34,714.79
2,16,35,705.49
2,16,36,649.42
2,16,37,737.45
2,16,38,641.07
2,16,39,679.08
2,16,40,675.19
2,16,41,748.55
2,16,42,733.19
2,16,43,603.37
2,16,44,735.63
2,16,45,692.77
2,16,46,715.26
2,16,47,751.12
2,16,48,781.25
2,16,49,843.56
2,16,50,638.50
2,16,51,688.32
2,16,52,704.53
2,16,53,669.57
2,16,54,646.06
2,16,55,761.15
2,16,56,796.37
2,16,57,666.67
2,16,58,680.92
2,16,59,642.56
2,16,60,715.00
2,16,61,689.51
2,16,62,762.22
2,16,63,722.05
2,16,64,626.19
2,16,65,663.45
2,16,66,719.70
2,16,67,738.05
2,16,68,770.72
2,16,69,707.60
2,16,70,773.27
2,16,71,648.78
2,16,72,742.00
2,16,73,672.83
2,16,74,771.80
2,16,75,677.16
2,16,76,742.21
2,16,77,831.45
2,16,78,703.01
2,16,79,653.05
2,16,80,735.98
2,16,81,751.57
2,16,82,695.46
2,16,83,787.69
2,16,84,849.99
2,16,85,695.79
2,16,86,682.25
2,16,87,696.67
2,16,88,725.12
2,16,89,696.33
2,16,90,710.60
3,4,1,805.90
3,4,2,662.45
3,4,3,737.00
3,4,4,681.73
3,4,5,776.78
3,4,6,809.92
3,4,7,840.13
3,4,8,750.62
3,4,9,763.47
3,4,10,667.93
3,4,11,666.90
3,4,12,711.96
3,4,13,730.22
3,4,14,824.52
3,4,15,745.68
3,4,16,741.24
3,4,17,765.71
3,4,18,694.41
3,4,19,729.98
3,4,20,720.65
3,4,21,805.67
3,4,22,749.08
3,4,23,688.87
3,4,24,745.32
3,4,25,716.83
3,4,26,773.55
3,4,27,801.90
3,4,28,769.27
3,4,29,741.08
3,4,30,764.60
3,4,31,793.18
3,4,32,622.37
3,4,33,730.44
3,4,34,858.28
3,4,35,845.98
3,4,36,710.87
3,4,37,749.21
3,4,38,727.17
3,4,39,733.10
3,4,40,688.95
3,4,41,803.41
3,4,42,873.33
3,4,43,704.20
3,4,44,764.26
3,4,45,722.59
3,4,46,794.84
3,4,47,691.34
3,4,48,784.21
3,4,49,870.80
3,4,50,702.41
3,4,51,724.93
3,4,52,779.18
3,4,53,724.07
3,4,54,732.22
3,4,55,725.93
3,4,56,777.64
3,4,57,666.52
3,4,58,730.13
3,4,59,751.93
3,4,60,740.59
3,4,61,685.94
3,4,62,774.56
3,4,63,752.24
3,4,64,623.43
3,4,65,758.59
3,4,66,741.20
3,4,67,763.60
3,4,68,665.91
3,4,69,766.15
3,4,70,806.34
3,4,71,629.74
3,4,72,680.33
3,4,73,686.28
3,4,74,745.47
3,4,75,735.71
3,4,76,814.04
3,4,77,772.30
3,4,78,619.71
3,4,79,770.22
3,4,80,667.76
3,4,81,682.24
3,4,82,785.97
3,4,83,741.04
3,4,84,828.66
3,4,85,659.31
3,4,86,756.53
3,4,87,678.29
3,4,88,693.44
3,4,89,747.96
3,4,90,723.63
3,5,1,619.94
3,5,2,536.91
3,5,3,611.96
3,5,4,569.79
3,5,5,610.90
3,5,6,660.37
3,5,7,586.56
3,5,8,545.96
3,5,9,532.29
3,5,10,550.44
3,5,11,614.94
3,5,12,539.31
3,5,13,689.63
3,5,14,634.32
3,5,15,565.92
3,5,16,564.38
3,5,17,546.38
3,5,18,643.76
3,5,19,607.38
3,5,20,646.22
3,5,21,635.10
3,5,22,546.71
3,5,23,640.75
3,5,24,620.49
3,5,25,610.31
3,5,26,534.53
3,5,27,641.71
3,5,28,587.27
3,5,29,516.29
3,5,30,599.23
3,5,31,549.75
3,5,32,563.97
3,5,33,554.77
3,5,34,658.58
3,5,35,583.79
3,5,36,507.48
3,5,37,610.18
3,5,38,592.25
3,5,39,545.85
3,5,40,556.45
3,5,41,588.38
3,5,42,608.31
3,5,43,602.90
3,5,44,616.52
3,5,45,538.50
3,5,46,641.69
3,5,47,632.51
3,5,48,706.94
3,5,49,596.98
3,5,50,529.97
3,5,51,585.97
3,5,52,641.97
3,5,53,542.72
3,5,54,533.95
3,5,55,697.38
3,5,56,701.37
3,5,57,602.75
3,5,58,543.23
3,5,59,533.17
3,5,60,572.61
3,5,61,612.11
3,5,62,677.52
3,5,63,619.37
3,5,64,502.69
3,5,65,613.01
3,5,66,640.27
3,5,67,599.19
3,5,68,541.94
3,5,69,671.95
3,5,70,698.36
3,5,71,501.96
3,5,72,532.86
3,5,73,548.38
3,5,74,618.28
3,5,75,580.59
3,5,76,599.76
3,5,77,700.61
3,5,78,598.12
3,5,79,552.49
3,5,80,554.91
3,5,81,614.76
3,5,82,557.66
3,5,83,630.21
3,5,84,587.62
3,5,85,571.57
3,5,86,591.46
3,5,87,554.37
3,5,88,563.87
3,5,89,639.43
3,5,90,625.64
3,6,1,641.20
3,6,2,589.61
3,6,3,603.83
3,6,4,563.49
3,6,5,657.75
3,6,6,652.79
3,6,7,694.07
3,6,8,579.10
3,6,9,614.09
3,6,10,625.47
3,6,11,618.09
3,6,12,638.77
3,6,13,743.26
3,6,14,620.90
3,6,15,591.81
3,6,16,565.70
3,6,17,663.91
3,6,18,671.87
3,6,19,661.19
3,6,20,702.68
3,6,21,752.39
3,6,22,560.50
3,6,23,563.66
3,6,24,653.61
3,6,25,574.36
3,6,26,634.08
3,6,27,743.29
3,6,28,702.70
3,6,29,541.88
3,6,30,572.55
3,6,31,633.89
3,6,32,648.90
3,6,33,660.61
3,6,34,752.30
3,6,35,734.26
3,6,36,571.22
3,6,37,587.04
3,6,38,602.51
3,6,39,649.17
3,6,40,578.44
3,6,41,702.14
3,6,42,656.87
3,6,43,643.57
3,6,44,657.26
3,6,45,675.89
3,6,46,579.33
3,6,47,679.25
3,6,48,687.34
3,6,49,619.75
3,6,50,581.82
3,6,51,659.04
3,6,52,657.09
3,6,53,649.82
3,6,54,671.46
3,6,55,623.25
3,6,56,738.98
3,6,57,648.39
3,6,58,624.04
3,6,59,671.59
3,6,60,587.52
3,6,61,618.40
3,6,62,708.90
3,6,63,667.16
3,6,64,607.25
3,6,65,626.43
3,6,66,572.80
3,6,67,591.04
3,6,68,682.39
3,6,69,748.80
3,6,70,642.92
3,6,71,597.91
3,6,72,672.03
3,6,73,638.80
3,6,74,598.20
3,6,75,598.76
3,6,76,715.16
3,6,77,633.40
3,6,78,560.26
3,6,79,593.04
3,6,80,567.61
3,6,81,684.02
3,6,82,568.06
3,6,83,721.20
3,6,84,647.90
3,6,85,536.83
3,6,86,666.40
3,6,87,629.57
3,6,88,687.86
3,6,89,654.60
3,6,90,704.89
3,15,1,672.76
3,15,2,636.68
3,15,3,654.51
3,15,4,689.03
3,15,5,581.86
3,15,6,759.48
3,15,7,749.66
3,15,8,631.80
3,15,9,645.65
3,15,10,657.93
3,15,11,655.18
3,15,12,627.44
3,15,13,742.29
3,15,14,684.28
3,15,15,568.66
3,15,16,578.09
3,15,17,672.32
3,15,18,591.67
3,15,19,590.46
3,15,20,708.56
3,15,21,661.19
3,15,22,561.36
3,15,23,584.06
3,15,24,629.85
3,15,25,685.98
3,15,26,584.67
3,15,27,668.96
3,15,28,635.57
3,15,29,655.36
3,15,30,637.55
3,15,31,588.79
3,15,32,636.85
3,15,33,613.31
3,15,34,649.68
3,15,35,708.53
3,15,36,574.42
3,15,37,703.74
3,15,38,639.29
3,15,39,680.39
3,15,40,678.28
3,15,41,668.77
3,15,42,650.63
3,15,43,552.00
3,15,44,578.69
3,15,45,636.74
3,15,46,663.86
3,15,47,601.98
3,15,48,671.57
3,15,49,639.90
3,15,50,662.00
3,15,51,600.03
3,15,52,684.01
3,15,53,628.75
3,15,54,690.22
3,15,55,771.05
3,15,56,673.72
3,15,57,628.64
3,15,58,588.57
3,15,59,670.63
3,15,60,611.94
3,15,61,644.05
3,15,62,673.68
3,15,63,653.15
3,15,64,567.37
3,15,65,677.69
3,15,66,695.42
3,15,67,593.49
3,15,68,679.66
3,15,69,723.31
3,15,70,701.62
3,15,71,624.04
3,15,72,661.04
3,15,73,672.78
3,15,74,673.59
3,15,75,676.45
3,15,76,659.39
3,15,77,678.45
3,15,78,613.32
3,15,79,633.00
3,15,80,700.92
3,15,81,660.75
3,15,82,633.39
3,15,83,653.41
3,15,84,741.37
3,15,85,603.14
3,15,86,586.61
3,15,87,669.80
3,15,88,638.48
3,15,89,678.02
3,15,90,645.50
3,16,1,592.89
3,16,2,657.32
3,16,3,643.31
3,16,4,637.26
3,16,5,594.18
3,16,6,678.01
3,16,7,699.34
3,16,8,605.05
3,16,9,614.66
3,16,10,568.72
3,16,11,574.37
3,16,12,618.41
3,16,13,717.05
3,16,14,711.38
3,16,15,612.92
3,16,16,625.31
3,16,17,657.41
3,16,18,586.48
3,16,19,641.81
3,16,20,612.83
3,16,21,625.42
3,16,22,561.07
3,16,23,613.99
3,16,24,554.59
3,16,25,651.64
3,16,26,569.18
3,16,27,630.65
3,16,28,715.43
3,16,29,561.10
3,16,30,617.73
3,16,31,637.51
3,16,32,592.14
3,16,33,554.82
3,16,34,674.11
3,16,35,596.95
3,16,36,522.51
3,16,37,600.24
3,16,38,607.96
3,16,39,615.65
3,16,40,601.27
3,16,41,631.20
3,16,42,644.01
3,16,43,553.66
3,16,44,620.93
3,16,45,556.31
3,16,46,595.51
3,16,47,585.83
3,16,48,686.51
3,16,49,677.76
3,16,50,549.11
3,16,51,542.04
3,16,52,565.38
3,16,53,541.26
3,16,54,605.56
3,16,55,624.75
3,16,56,608.20
3,16,57,521.31
3,16,58,562.43
3,16,59,606.51
3,16,60,611.21
3,16,61,653.25
3,16,62,716.82
3,16,63,670.20
3,16,64,551.95
3,16,65,616.65
3,16,66,640.26
3,16,67,613.25
3,16,68,588.02
3,16,69,633.05
3,16,70,680.90
3,16,71,541.91
3,16,72,569.63
3,16,73,604.02
3,16,74,564.17
3,16,75,632.72
3,16,76,653.20
3,16,77,619.23
3,16,78,541.14
3,16,79,595.95
3,16,80,647.47
3,16,81,648.30
3,16,82,610.85
3,16,83,634.07
3,16,84,637.17
3,16,85,588.09
3,16,86,586.51
3,16,87,550.77
3,16,88,654.13
3,16,89,568.29
3,16,90,702.01
4,4,1,676.43
4,4,2,779.92
4,4,3,649.44
4,4,4,667.57
4,4,5,752.28
4,4,6,716.16
4,4,7,796.87
4,4,8,722.05
4,4,9,749.06
4,4,10,788.45
4,4,11,701.81
4,4,12,737.29
4,4,13,748.49
4,4,14,751.72
4,4,15,697.54
4,4,16,694.91
4,4,17,729.91
4,4,18,779.69
4,4,19,682.96
4,4,20,743.19
4,4,21,725.31
4,4,22,693.42
4,4,23,653.08
4,4,24,675.70
4,4,25,728.65
4,4,26,729.53
4,4,27,819.09
4,4,28,838.48
4,4,29,735.17
4,4,30,737.48
4,4,31,779.18
4,4,32,824.80
4,4,33,655.87
4,4,34,785.86
4,4,35,764.07
4,4,36,658.61
4,4,37,741.89
4,4,38,703.36
4,4,39,704.33
4,4,40,712.15
4,4,41,765.79
4,4,42,814.83
4,4,43,722.11
4,4,44,741.81
4,4,45,780.76
4,4,46,667.98
4,4,47,658.59
4,4,48,807.40
4,4,49,714.84
4,4,50,643.32
4,4,51,774.25
4,4,52,736.82
4,4,53,706.01
4,4,54,662.07
4,4,55,768.49
4,4,56,735.19
4,4,57,723.26
4,4,58,665.62
4,4,59,685.44
4,4,60,657.81
4,4,61,701.60
4,4,62,759.52
4,4,63,840.67
4,4,64,675.89
4,4,65,771.80
4,4,66,727.94
4,4,67,677.79
4,4,68,703.03
4,4,69,794.16
4,4,70,733.86
4,4,71,725.64
4,4,72,674.09
4,4,73,739.66
4,4,74,688.23
4,4,75,704.02
4,4,76,715.19
4,4,77,778.33
4,4,78,737.03
4,4,79,747.15
4,4,80,754.75
4,4,81,691.02
4,4,82,745.48
4,4,83,860.44
4,4,84,745.88
4,4,85,620.77
4,4,86,747.71
4,4,87,689.50
4,4,88,728.64
4,4,89,784.65
4,4,90,762.98
4,5,1,720.34
4,5,2,677.10
4,5,3,663.27
4,5,4,685.59
4,5,5,660.54
4,5,6,802.79
4,5,7,829.06
4,5,8,626.02
4,5,9,742.10
4,5,10,685.64
4,5,11,741.07
4,5,12,682.71
4,5,13,737.54
4,5,14,705.83
4,5,15,608.41
4,5,16,636.08
4,5,17,677.46
4,5,18,754.92
4,5,19,740.61
4,5,20,743.19
4,5,21,757.07
4,5,22,595.52
4,5,23,665.81
4,5,24,700.70
4,5,25,694.03
4,5,26,637.87
4,5,27,794.15
4,5,28,793.74
4,5,29,683.10
4,5,30,761.73
4,5,31,650.03
4,5,32,744.98
4,5,33,731.85
4,5,34,771.80
4,5,35,765.98
4,5,36,679.85
4,5,37,762.19
4,5,38,634.15
4,5,39,738.07
4,5,40,652.94
4,5,41,811.68
4,5,42,715.83
4,5,43,609.52
4,5,44,660.07
4,5,45,645.96
4,5,46,656.30
4,5,47,709.00
4,5,48,746.00
4,5,49,770.26
4,5,50,666.48
4,5,51,662.80
4,5,52,706.38
4,5,53,694.06
4,5,54,730.51
4,5,55,789.52
4,5,56,770.84
4,5,57,657.86
4,5,58,634.59
4,5,59,725.28
4,5,60,620.03
4,5,61,761.68
4,5,62,718.11
4,5,63,801.57
4,5,64,688.71
4,5,65,637.68
4,5,66,743.08
4,5,67,732.04
4,5,68,654.00
4,5,69,741.84
4,5,70,786.70
4,5,71,701.16
4,5,72,759.14
4,5,73,746.61
4,5,74,687.76
4,5,75,732.63
4,5,76,714.46
4,5,77,691.35
4,5,78,704.57
4,5,79,672.12
4,5,80,652.46
4,5,81,745.75
4,5,82,714.21
4,5,83,772.12
4,5,84,736.22
4,5,85,659.31
4,5,86,674.86
4,5,87,675.46
4,5,88,683.19
4,5,89,628.04
4,5,90,771.71
4,6,1,621.32
4,6,2,689.26
4,6,3,680.71
4,6,4,729.12
4,6,5,704.35
4,6,6,724.70
4,6,7,786.87
4,6,8,621.27
4,6,9,641.80
4,6,10,695.52
4,6,11,727.70
4,6,12,714.76
4,6,13,697.19
4,6,14,688.47
4,6,15,694.11
4,6,16,629.83
4,6,17,720.54
4,6,18,632.63
4,6,19,729.21
4,6,20,661.58
4,6,21,726.26
4,6,22,570.34
4,6,23,663.70
4,6,24,646.87
4,6,25,647.87
4,6,26,707.75
4,6,27,680.94
4,6,28,750.14
4,6,29,598.10
4,6,30,670.64
4,6,31,698.22
4,6,32,707.29
4,6,33,617.17
4,6,34,734.89
4,6,35,754.31
4,6,36,672.68
4,6,37,717.77
4,6,38,633.96
4,6,39,669.83
4,6,40,660.94
4,6,41,735.16
4,6,42,804.52
4,6,43,616.36
4,6,44,667.08
4,6,45,643.46
4,6,46,645.83
4,6,47,646.48
4,6,48,802.97
4,6,49,719.32
4,6,50,601.86
4,6,51,660.14
4,6,52,661.60
4,6,53,719.35
4,6,54,722.88
4,6,55,754.27
4,6,56,769.86
4,6,57,673.28
4,6,58,660.62
4,6,59,644.60
4,6,60,666.91
4,6,61,604.04
4,6,62,776.90
4,6,63,765.58
4,6,64,694.06
4,6,65,661.23
4,6,66,664.99
4,6,67,693.87
4,6,68,649.41
4,6,69,729.45
4,6,70,709.27
4,6,71,664.26
4,6,72,622.70
4,6,73,648.32
4,6,74,730.97
4,6,75,729.23
4,6,76,699.22
4,6,77,708.56
4,6,78,672.37
4,6,79,599.28
4,6,80,598.76
4,6,81,638.45
4,6,82,674.41
4,6,83,683.81
4,6,84,704.93
4,6,85,679.27
4,6,86,621.86
4,6,87,632.27
4,6,88,637.85
4,6,89,714.71
4,6,90,735.28
4,15,1,812.91
4,15,2,689.56
4,15,3,736.83
4,15,4,797.31
4,15,5,801.31
4,15,6,801.41
4,15,7,739.83
4,15,8,739.08
4,15,9,698.44
4,15,10,814.98
4,15,11,795.58
4,15,12,778.63
4,15,13,881.41
4,15,14,887.08
4,15,15,680.69
4,15,16,812.44
4,15,17,697.75
4,15,18,759.34
4,15,19,784.49
4,15,20,887.11
4,15,21,866.93
4,15,22,701.28
4,15,23,783.05
4,15,24,706.96
4,15,25,723.71
4,15,26,810.35
4,15,27,741.44
4,15,28,863.29
4,15,29,670.45
4,15,30,779.84
4,15,31,698.08
4,15,32,675.70
4,15,33,816.32
4,15,34,827.84
4,15,35,766.45
4,15,36,725.25
4,15,37,762.47
4,15,38,763.73
4,15,39,756.10
4,15,40,672.60
4,15,41,794.12
4,15,42,894.39
4,15,43,699.12
4,15,44,719.74
4,15,45,782.36
4,15,46,789.57
4,15,47,751.70
4,15,48,901.51
4,15,49,780.05
4,15,50,724.12
4,15,51,696.05
4,15,52,674.25
4,15,53,711.49
4,15,54,686.59
4,15,55,738.84
4,15,56,821.65
4,15,57,771.98
4,15,58,805.08
4,15,59,811.33
4,15,60,748.58
4,15,61,773.99
4,15,62,792.64
4,15,63,828.51
4,15,64,724.59
4,15,65,715.54
4,15,66,816.90
4,15,67,759.22
4,15,68,697.03
4,15,69,870.17
4,15,70,868.33
4,15,71,706.05
4,15,72,717.48
4,15,73,763.67
4,15,74,780.73
4,15,75,761.11
4,15,76,864.16
4,15,77,886.33
4,15,78,664.06
4,15,79,817.74
4,15,80,791.89
4,15,81,780.42
4,15,82,714.64
4,15,83,753.43
4,15,84,782.21
4,15,85,753.24
4,15,86,731.88
4,15,87,729.97
4,15,88,768.63
4,15,89,778.80
4,15,90,848.20
4,16,1,784.70
4,16,2,777.03
4,16,3,744.70
4,16,4,764.91
4,16,5,714.79
4,16,6,782.47
4,16,7,874.57
4,16,8,749.94
4,16,9,765.22
4,16,10,657.87
4,16,11,794.63
4,16,12,678.24
4,16,13,772.27
4,16,14,866.65
4,16,15,682.18
4,16,16,687.92
4,16,17,768.55
4,16,18,695.10
4,16,19,769.65
4,16,20,725.35
4,16,21,744.74
4,16,22,627.51
4,16,23,695.67
4,16,24,667.10
4,16,25,681.19
4,16,26,717.61
4,16,27,787.00
4,16,28,823.43
4,16,29,738.23
4,16,30,679.82
4,16,31,766.33
4,16,32,699.44
4,16,33,789.75
4,16,34,801.57
4,16,35,788.01
4,16,36,728.05
4,16,37,697.17
4,16,38,670.32
4,16,39,702.56
4,16,40,715.40
4,16,41,811.36
4,16,42,828.86
4,16,43,754.67
4,16,44,762.15
4,16,45,701.95
4,16,46,740.37
4,16,47,753.00
4,16,48,861.08
4,16,49,727.99
4,16,50,703.74
4,16,51,735.39
4,16,52,718.76
4,16,53,700.70
4,16,54,705.37
4,16,55,805.76
4,16,56,854.94
4,16,57,719.16
4,16,58,699.46
4,16,59,754.57
4,16,60,693.43
4,16,61,775.77
4,16,62,835.35
4,16,63,729.14
4,16,64,667.84
4,16,65,723.71
4,16,66,708.66
4,16,67,785.39
4,16,68,786.49
4,16,69,739.20
4,16,70,728.56
4,16,71,698.25
4,16,72,759.95
4,16,73,694.08
4,16,74,686.85
4,16,75,722.01
4,16,76,816.91
4,16,77,766.22
4,16,78,698.55
4,16,79,783.55
4,16,80,702.70
4,16,81,654.12
4,16,82,664.05
4,16,83,786.14
4,16,84,843.06
4,16,85,626.07
4,16,86,663.77
4,16,87,762.14
4,16,88,774.46
4,16,89,676.82
4,16,90,745.49
5,4,1,1103.19
5,4,2,1013.91
5,4,3,1093.78
5,4,4,1085.55
5,4,5,1111.66
5,4,6,1176.87
5,4,7,1313.46
5,4,8,1040.32
5,4,9,1073.93
5,4,10,1080.23
5,4,11,1033.67
5,4,12,1126.21
5,4,13,1291.62
5,4,14,1308.17
5,4,15,1110.34
5,4,16,1094.15
5,4,17,1010.06
5,4,18,1171.07
5,4,19,1194.26
5,4,20,1255.96
5,4,21,1149.59
5,4,22,1040.78
5,4,23,996.75
5,4,24,1051.91
5,4,25,1053.52
5,4,26,1066.42
5,4,27,1233.56
5,4,28,1187.43
5,4,29,1153.33
5,4,30,1198.36
5,4,31,997.56
5,4,32,1175.81
5,4,33,1015.07
5,4,34,1235.62
5,4,35,1155.83
5,4,36,982.50
5,4,37,1072.31
5,4,38,1007.66
5,4,39,1197.92
5,4,40,1005.24
5,4,41,1273.45
5,4,42,1170.33
5,4,43,979.02
5,4,44,1212.74
5,4,45,1080.90
5,4,46,1028.08
5,4,47,1066.67
5,4,48,1323.20
5,4,49,1183.69
5,4,50,1041.32
5,4,51,1042.93
5,4,52,1008.83
5,4,53,1109.68
5,4,54,1027.33
5,4,55,1207.50
5,4,56,1274.04
5,4,57,972.20
5,4,58,1179.33
5,4,59,1131.55
5,4,60,1033.90
5,4,61,1192.79
5,4,62,1253.81
5,4,63,1235.70
5,4,64,1011.70
5,4,65,1026.15
5,4,66,1155.93
5,4,67,1189.71
5,4,68,1173.23
5,4,69,1199.61
5,4,70,1325.03
5,4,71,981.19
5,4,72,1126.37
5,4,73,1160.14
5,4,74,1044.58
5,4,75,1075.59
5,4,76,1117.27
5,4,77,1278.94
5,4,78,1074.70
5,4,79,1091.15
5,4,80,1077.84
5,4,81,1138.10
5,4,82,1138.78
5,4,83,1206.00
5,4,84,1177.38
5,4,85,1150.05
5,4,86,1142.41
5,4,87,1013.49
5,4,88,1116.83
5,4,89,1189.11
5,4,90,1204.38
5,5,1,910.08
5,5,2,780.93
5,5,3,801.02
5,5,4,768.91
5,5,5,846.48
5,5,6,916.77
5,5,7,990.43
5,5,8,832.96
5,5,9,844.73
5,5,10,891.56
5,5,11,774.58
5,5,12,870.45
5,5,13,873.51
5,5,14,896.27
5,5,15,786.84
5,5,16,756.52
5,5,17,893.21
5,5,18,898.88
5,5,19,771.04
5,5,20,863.26
5,5,21,831.72
5,5,22,726.87
5,5,23,889.31
5,5,24,919.40
5,5,25,914.54
5,5,26,791.75
5,5,27,970.37
5,5,28,862.57
5,5,29,855.61
5,5,30,765.86
5,5,31,902.25
5,5,32,833.44
5,5,33,832.08
5,5,34,905.17
5,5,35,884.52
5,5,36,729.18
5,5,37,780.91
5,5,38,776.57
5,5,39,777.18
5,5,40,796.35
5,5,41,896.78
5,5,42,844.60
5,5,43,727.11
5,5,44,770.14
5,5,45,780.72
5,5,46,859.62
5,5,47,849.49
5,5,48,995.52
5,5,49,957.01
5,5,50,873.70
5,5,51,786.99
5,5,52,854.10
5,5,53,764.55
5,5,54,846.25
5,5,55,928.04
5,5,56,863.88
5,5,57,844.76
5,5,58,781.56
5,5,59,789.90
5,5,60,774.76
5,5,61,863.68
5,5,62,854.85
5,5,63,982.47
5,5,64,830.39
5,5,65,758.61
5,5,66,796.74
5,5,67,898.44
5,5,68,915.29
5,5,69,992.16
5,5,70,983.94
5,5,71,870.98
5,5,72,853.01
5,5,73,832.55
5,5,74,837.50
5,5,75,910.75
5,5,76,892.10
5,5,77,993.06
5,5,78,807.64
5,5,79,805.65
5,5,80,842.38
5,5,81,775.16
5,5,82,915.45
5,5,83,925.25
5,5,84,932.51
5,5,85,816.51
5,5,86,862.11
5,5,87,920.65
5,5,88,881.09
5,5,89,770.89
5,5,90,878.40
5,6,1,1051.74
5,6,2,983.09
5,6,3,916.07
5,6,4,915.19
5,6,5,938.75
5,6,6,1079.99
5,6,7,975.74
5,6,8,921.84
5,6,9,862.18
5,6,10,959.14
5,6,11,963.17
5,6,12,858.16
5,6,13,1064.63
5,6,14,960.56
5,6,15,906.33
5,6,16,1026.36
5,6,17,1035.13
5,6,18,932.11
5,6,19,933.01
5,6,20,1042.17
5,6,21,967.67
5,6,22,908.89
5,6,23,947.46
5,6,24,893.13
5,6,25,967.97
5,6,26,898.87
5,6,27,1080.22
5,6,28,1071.05
5,6,29,915.53
5,6,30,871.15
5,6,31,873.67
5,6,32,850.70
5,6,33,978.16
5,6,34,1105.13
5,6,35,1077.28
5,6,36,982.85
5,6,37,926.13
5,6,38,935.88
5,6,39,906.56
5,6,40,859.91
5,6,41,1078.66
5,6,42,1027.85
5,6,43,846.44
5,6,44,878.54
5,6,45,987.38
5,6,46,954.37
5,6,47,1011.01
5,6,48,1119.35
5,6,49,1028.59
5,6,50,939.68
5,6,51,981.18
5,6,52,898.05
5,6,53,883.75
5,6,54,896.07
5,6,55,937.78
5,6,56,985.68
5,6,57,903.33
5,6,58,940.47
5,6,59,1017.15
5,6,60,926.29
5,6,61,944.63
5,6,62,1086.45
5,6,63,1085.90
5,6,64,814.78
5,6,65,1013.44
5,6,66,866.92
5,6,67,921.33
5,6,68,1028.25
5,6,69,1124.34
5,6,70,1135.21
5,6,71,827.18
5,6,72,909.49
5,6,73,908.28
5,6,74,924.12
5,6,75,996.59
5,6,76,1078.57
5,6,77,1088.09
5,6,78,914.18
5,6,79,850.29
5,6,80,971.22
5,6,81,922.38
5,6,82,1005.36
5,6,83,1051.34
5,6,84,1105.87
5,6,85,890.28
5,6,86,916.60
5,6,87,990.20
5,6,88,946.43
5,6,89,1009.55
5,6,90,955.18
5,15,1,884.31
5,15,2,921.47
5,15,3,896.58
5,15,4,979.29
5,15,5,814.53
5,15,6,1010.52
5,15,7,901.02
5,15,8,874.26
5,15,9,938.44
5,15,10,981.84
5,15,11,823.79
5,15,12,982.38
5,15,13,1075.98
5,15,14,934.36
5,15,15,778.96
5,15,16,877.25
5,15,17,820.11
5,15,18,970.11
5,15,19,851.79
5,15,20,926.71
5,15,21,1018.83
5,15,22,902.96
5,15,23,873.35
5,15,24,908.96
5,15,25,950.98
5,15,26,867.53
5,15,27,962.47
5,15,28,976.64
5,15,29,877.35
5,15,30,947.78
5,15,31,933.39
5,15,32,886.72
5,15,33,861.05
5,15,34,969.32
5,15,35,910.81
5,15,36,878.08
5,15,37,860.46
5,15,38,922.66
5,15,39,875.56
5,15,40,985.55
5,15,41,1031.87
5,15,42,901.64
5,15,43,915.46
5,15,44,837.44
5,15,45,847.90
5,15,46,930.04
5,15,47,960.17
5,15,48,931.58
5,15,49,955.79
5,15,50,924.57
5,15,51,938.01
5,15,52,911.19
5,15,53,957.99
5,15,54,844.12
5,15,55,1031.81
5,15,56,977.05
5,15,57,804.66
5,15,58,866.76
5,15,59,974.44
5,15,60,940.78
5,15,61,869.07
5,15,62,1011.75
5,15,63,1075.56
5,15,64,881.33
5,15,65,940.40
5,15,66,954.10
5,15,67,910.57
5,15,68,972.38
5,15,69,1026.90
5,15,70,994.72
5,15,71,800.24
5,15,72,865.54
5,15,73,956.24
5,15,74,953.29
5,15,75,896.82
5,15,76,923.19
5,15,77,933.72
5,15,78,834.31
5,15,79,955.46
5,15,80,915.72
5,15,81,957.69
5,15,82,865.19
5,15,83,925.39
5,15,84,987.90
5,15,85,808.69
5,15,86,936.12
5,15,87,894.34
5,15,88,886.79
5,15,89,956.64
5,15,90,1059.56
5,16,1,1027.72
5,16,2,912.78
5,16,3,964.05
5,16,4,953.14
5,16,5,886.02
5,16,6,934.94
5,16,7,1012.93
5,16,8,884.09
5,16,9,904.53
5,16,10,845.33
5,16,11,870.56
5,16,12,960.37
5,16,13,1039.47
5,16,14,900.78
5,16,15,937.72
5,16,16,872.13
5,16,17,899.10
5,16,18,907.38
5,16,19,916.37
5,16,20,897.83
5,16,21,1080.84
5,16,22,887.23
5,16,23,931.15
5,16,24,828.21
5,16,25,908.15
5,16,26,885.09
5,16,27,1047.69
5,16,28,1000.23
5,16,29,808.69
5,16,30,950.73
5,16,31,954.47
5,16,32,821.04
5,16,33,852.20
5,16,34,1031.55
5,16,35,916.85
5,16,36,782.54
5,16,37,917.83
5,16,38,973.90
5,16,39,835.79
5,16,40,861.60
5,16,41,997.14
5,16,42,1081.39
5,16,43,839.89
5,16,44,975.04
5,16,45,834.40
5,16,46,846.82
5,16,47,943.91
5,16,48,959.92
5,16,49,1015.97
5,16,50,829.49
5,16,51,909.77
5,16,52,893.53
5,16,53,908.71
5,16,54,862.96
5,16,55,955.95
5,16,56,1050.10
5,16,57,921.71
5,16,58,836.81
5,16,59,899.22
5,16,60,867.68
5,16,61,823.86
5,16,62,1073.50
5,16,63,927.98
5,16,64,829.51
5,16,65,993.18
5,16,66,867.86
5,16,67,993.57
5,16,68,911.57
5,16,69,953.54
5,16,70,936.96
5,16,71,916.60
5,16,72,912.77
5,16,73,882.56
5,16,74,987.22
5,16,75,849.63
5,16,76,932.31
5,16,77,902.98
5,16,78,910.97
5,16,79,945.01
5,16,80,880.76
5,16,81,910.97
5,16,82,956.17
5,16,83,989.34
5,16,84,901.61
5,16,85,911.19
5,16,86,983.06
5,16,87,977.74
5,16,88,975.35
5,16,89,976.58
5,16,90,917.72
6,4,1,2285.17
6,4,2,2328.84
6,4,3,2339.78
6,4,4,2409.13
6,4,5,2679.10
6,4,6,2914.30
6,4,7,2888.81
6,4,8,2255.71
6,4,9,2541.94
6,4,10,2659.20
6,4,11,2603.49
6,4,12,2283.19
6,4,13,2808.29
6,4,14,2936.38
6,4,15,2384.86
6,4,16,2337.14
6,4,17,2336.28
6,4,18,2569.81
6,4,19,2300.22
6,4,20,2492.59
6,4,21,2656.08
6,4,22,2231.11
6,4,23,2454.78
6,4,24,2211.94
6,4,25,2453.09
6,4,26,2612.32
6,4,27,2666.30
6,4,28,2888.14
6,4,29,2142.24
6,4,30,2262.46
6,4,31,2607.97
6,4,32,2662.91
6,4,33,2544.24
6,4,34,2576.92
6,4,35,2757.46
6,4,36,2458.63
6,4,37,2644.96
6,4,38,2644.45
6,4,39,2361.75
6,4,40,2432.61
6,4,41,2818.11
6,4,42,2542.34
6,4,43,2249.41
6,4,44,2540.15
6,4,45,2674.47
6,4,46,2582.72
6,4,47,2413.50
6,4,48,2574.03
6,4,49,2538.49
6,4,50,2493.70
6,4,51,2595.17
6,4,52,2386.60
6,4,53,2403.12
6,4,54,2353.62
6,4,55,2614.18
6,4,56,2645.09
6,4,57,2275.11
6,4,58,2544.35
6,4,59,2566.86
6,4,60,2375.01
6,4,61,2290.83
6,4,62,2723.18
6,4,63,2765.32
6,4,64,2354.45
6,4,65,2531.79
6,4,66,2440.46
6,4,67,2357.17
6,4,68,2302.60
6,4,69,2549.45
6,4,70,2887.43
6,4,71,2427.42
6,4,72,2451.57
6,4,73,2480.73
6,4,74,2504.59
6,4,75,2297.25
6,4,76,2784.03
6,4,77,2672.71
6,4,78,2233.72
6,4,79,2679.73
6,4,80,2534.55
6,4,81,2675.02
6,4,82,2286.44
6,4,83,2843.18
6,4,84,2630.93
6,4,85,2093.85
6,4,86,2450.41
6,4,87,2638.66
6,4,88,2457.37
6,4,89,2307.41
6,4,90,2710.98
6,5,1,2310.91
6,5,2,2095.76
6,5,3,2075.34
6,5,4,2169.42
6,5,5,2366.94
6,5,6,2291.44
6,5,7,2436.73
6,5,8,2205.28
6,5,9,2049.99
6,5,10,2382.90
6,5,11,2076.61
6,5,12,2075.10
6,5,13,2627.79
6,5,14,2537.59
6,5,15,1915.65
6,5,16,2048.15
6,5,17,2305.60
6,5,18,2226.71
6,5,19,2215.50
6,5,20,2355.28
6,5,21,2296.48
6,5,22,1971.94
6,5,23,2260.52
6,5,24,2109.91
6,5,25,2214.74
6,5,26,2429.03
6,5,27,2612.22
6,5,28,2462.07
6,5,29,2196.14
6,5,30,2059.83
6,5,31,2216.23
6,5,32,1850.03
6,5,33,2349.71
6,5,34,2334.74
6,5,35,2499.39
6,5,36,2063.07
6,5,37,2024.79
6,5,38,2003.74
6,5,39,2398.49
6,5,40,2289.47
6,5,41,2538.11
6,5,42,2662.51
6,5,43,2120.53
6,5,44,2200.91
6,5,45,2428.15
6,5,46,2213.53
6,5,47,2041.74
6,5,48,2363.15
6,5,49,2578.62
6,5,50,2292.25
6,5,51,2117.28
6,5,52,2212.88
6,5,53,2355.11
6,5,54,2122.63
6,5,55,2642.21
6,5,56,2530.69
6,5,57,2246.34
6,5,58,2421.39
6,5,59,2121.30
6,5,60,2464.71
6,5,61,2255.39
6,5,62,2587.75
6,5,63,2451.29
6,5,64,2043.64
6,5,65,2169.20
6,5,66,2299.91
6,5,67,2232.34
6,5,68,2177.53
6,5,69,2595.23
6,5,70,2349.58
6,5,71,1921.07
6,5,72,2189.44
6,5,73,2326.29
6,5,74,2367.19
6,5,75,2180.02
6,5,76,2645.45
6,5,77,2224.27
6,5,78,2265.94
6,5,79,2112.84
6,5,80,1989.56
6,5,81,2235.58
6,5,82,2412.14
6,5,83,2208.62
6,5,84,2508.48
6,5,85,1933.96
6,5,86,2224.03
6,5,87,2115.53
6,5,88,2048.40
6,5,89,2323.32
6,5,90,2498.86
6,6,1,2431.17
6,6,2,2328.29
6,6,3,2134.58
6,6,4,2087.39
6,6,5,2345.32
6,6,6,2436.63
6,6,7,2279.20
6,6,8,2179.04
6,6,9,2034.40
6,6,10,2320.69
6,6,11,2426.77
6,6,12,2477.37
6,6,13,2594.35
6,6,14,2293.40
6,6,15,1968.08
6,6,16,2203.57
6,6,17,2149.40
6,6,18,2470.50
6,6,19,2065.81
6,6,20,2423.35
6,6,21,2553.57
6,6,22,2219.06
6,6,23,2476.11
6,6,24,2340.41
6,6,25,2225.76
6,6,26,2348.09
6,6,27,2258.07
6,6,28,2620.92
6,6,29,2215.26
6,6,30,2360.67
6,6,31,2440.64
6,6,32,2607.50
6,6,33,2433.19
6,6,34,2603.13
6,6,35,2599.80
6,6,36,2174.25
6,6,37,2094.91
6,6,38,2231.73
6,6,39,2210.98
6,6,40,2387.46
6,6,41,2553.07
6,6,42,2600.07
6,6,43,2154.44
6,6,44,2363.74
6,6,45,2358.32
6,6,46,2333.20
6,6,47,2113.67
6,6,48,2443.17
6,6,49,2317.07
6,6,50,2298.90
6,6,51,2202.54
6,6,52,2356.79
6,6,53,2277.14
6,6,54,2096.40
6,6,55,2641.02
6,6,56,2405.03
6,6,57,2339.57
6,6,58,2317.47
6,6,59,2037.66
6,6,60,1731.73
6,6,61,2186.36
6,6,62,2541.97
6,6,63,2353.85
6,6,64,2178.78
6,6,65,2101.97
6,6,66,2234.82
6,6,67,2279.92
6,6,68,2122.19
6,6,69,2260.77
6,6,70,2539.87
6,6,71,2072.86
6,6,72,2210.71
6,6,73,2157.43
6,6,74,2044.89
6,6,75,2433.37
6,6,76,2634.49
6,6,77,2545.41
6,6,78,2237.30
6,6,79,2169.72
6,6,80,2453.58
6,6,81,2367.74
6,6,82,2304.55
6,6,83,2692.52
6,6,84,2354.10
6,6,85,2197.49
6,6,86,2235.03
6,6,87,2045.26
6,6,88,2302.64
6,6,89,2142.28
6,6,90,2611.81
6,15,1,1968.22
6,15,2,2365.56
6,15,3,2403.91
6,15,4,2271.01
6,15,5,2542.22
6,15,6,2506.28
6,15,7,2847.99
6,15,8,2314.31
6,15,9,2305.68
6,15,10,2381.83
6,15,11,2283.25
6,15,12,2581.72
6,15,13,2719.50
6,15,14,2699.22
6,15,15,2118.02
6,15,16,2233.91
6,15,17,2364.61
6,15,18,2157.96
6,15,19,2348.43
6,15,20,2874.25
6,15,21,2560.93
6,15,22,2438.78
6,15,23,2520.32
6,15,24,2330.38
6,15,25,2414.66
6,15,26,2218.18
6,15,27,2359.24
6,15,28,2646.80
6,15,29,2400.88
6,15,30,2402.88
6,15,31,2571.16
6,15,32,2458.28
6,15,33,2219.21
6,15,34,2875.21
6,15,35,2400.50
6,15,36,2365.42
6,15,37,2489.38
6,15,38,2463.05
6,15,39,2590.06
6,15,40,2500.91
6,15,41,2867.30
6,15,42,2659.35
6,15,43,2161.40
6,15,44,2338.23
6,15,45,2451.78
6,15,46,2292.23
6,15,47,2267.05
6,15,48,2507.93
6,15,49,2861.16
6,15,50,2330.19
6,15,51,2309.59
6,15,52,2284.78
6,15,53,2200.11
6,15,54,2584.15
6,15,55,2488.48
6,15,56,2792.02
6,15,57,2365.14
6,15,58,2149.00
6,15,59,2263.86
6,15,60,2704.86
6,15,61,2362.87
6,15,62,2505.84
6,15,63,2822.84
6,15,64,2207.18
6,15,65,2359.23
6,15,66,2358.08
6,15,67,2162.33
6,15,68,2538.14
6,15,69,2820.52
6,15,70,2784.47
6,15,71,2334.42
6,15,72,2585.42
6,15,73,2334.85
6,15,74,2281.98
6,15,75,2613.54
6,15,76,2444.31
6,15,77,2490.32
6,15,78,2097.66
6,15,79,2569.51
6,15,80,2345.77
6,15,81,2493.67
6,15,82,2160.99
6,15,83,2467.12
6,15,84,2632.78
6,15,85,2426.74
6,15,86,2599.46
6,15,87,2275.30
6,15,88,2531.33
6,15,89,2192.79
6,15,90,2637.99
6,16,1,2477.55
6,16,2,2626.78
6,16,3,2535.35
6,16,4,2640.45
6,16,5,2477.22
6,16,6,2838.08
6,16,7,2502.08
6,16,8,2279.81
6,16,9,2328.87
6,16,10,2539.69
6,16,11,2276.37
6,16,12,2347.37
6,16,13,2737.07
6,16,14,2980.34
6,16,15,2384.92
6,16,16,2698.78
6,16,17,2302.99
6,16,18,2463.15
6,16,19,2330.58
6,16,20,2674.58
6,16,21,2573.36
6,16,22,2213.95
6,16,23,2693.09
6,16,24,2409.77
6,16,25,2492.60
6,16,26,2310.46
6,16,27,2943.69
6,16,28,2838.79
6,16,29,2278.56
6,16,30,2498.93
6,16,31,2257.28
6,16,32,2281.59
6,16,33,2331.93
6,16,34,2533.51
6,16,35,2713.67
6,16,36,2484.57
6,16,37,2228.39
6,16,38,2530.75
6,16,39,2527.80
6,16,40,2663.05
6,16,41,2699.44
6,16,42,2541.93
6,16,43,2412.42
6,16,44,2576.16
6,16,45,2262.50
6,16,46,2379.48
6,16,47,2655.56
6,16,48,2640.83
6,16,49,2457.05
6,16,50,2176.36
6,16,51,2569.09
6,16,52,2439.68
6,16,53,2657.71
6,16,54,2614.63
6,16,55,2904.21
6,16,56,2511.46
6,16,57,2527.29
6,16,58,2486.67
6,16,59,2626.10
6,16,60,2645.34
6,16,61,2393.59
6,16,62,2794.31
6,16,63,2870.82
6,16,64,2358.80
6,16,65,2373.85
6,16,66,2481.82
6,16,67,2714.93
6,16,68,2530.35
6,16,69,2691.30
6,16,70,2737.80
6,16,71,2520.06
6,16,72,2675.03
6,16,73,2360.67
6,16,74,2510.04
6,16,75,2692.19
6,16,76,2884.80
6,16,77,2903.30
6,16,78,2481.53
6,16,79,2238.22
6,16,80,2703.89
6,16,81,2700.05
6,16,82,2262.63
6,16,83,2879.37
6,16,84,2481.92
6,16,85,2163.71
6,16,86,2322.78
6,16,87,2647.95
6,16,88,2297.91
6,16,89,2405.48
6,16,90,2773.19
7,4,1,2500.12
7,4,2,3030.50
7,4,3,2733.88
7,4,4,2742.48
7,4,5,2607.60
7,4,6,3323.46
7,4,7,3114.02
7,4,8,2902.13
7,4,9,2719.94
7,4,10,2729.09
7,4,11,2994.23
7,4,12,2765.82
7,4,13,2852.85
7,4,14,3027.99
7,4,15,2475.41
7,4,16,2867.98
7,4,17,2549.34
7,4,18,2605.80
7,4,19,2846.93
7,4,20,3324.78
7,4,21,3173.99
7,4,22,2725.81
7,4,23,3038.83
7,4,24,2759.98
7,4,25,2728.81
7,4,26,2916.78
7,4,27,3082.15
7,4,28,3168.02
7,4,29,2502.70
7,4,30,2930.64
7,4,31,2518.92
7,4,32,3069.45
7,4,33,3027.61
7,4,34,3151.79
7,4,35,3092.98
7,4,36,2434.92
7,4,37,3026.68
7,4,38,2613.44
7,4,39,3027.30
7,4,40,2676.65
7,4,41,2802.45
7,4,42,3143.36
7,4,43,2791.46
7,4,44,2759.78
7,4,45,2534.27
7,4,46,2569.41
7,4,47,2976.44
7,4,48,3103.58
7,4,49,2796.77
7,4,50,2459.97
7,4,51,2661.64
7,4,52,2795.39
7,4,53,2981.33
7,4,54,2655.84
7,4,55,3343.05
7,4,56,3266.27
7,4,57,2824.44
7,4,58,2874.35
7,4,59,2838.78
7,4,60,2767.23
7,4,61,2788.65
7,4,62,3149.08
7,4,63,2848.04
7,4,64,2431.70
7,4,65,2860.85
7,4,66,2946.67
7,4,67,2791.04
7,4,68,2830.09
7,4,69,3097.24
7,4,70,3352.11
7,4,71,2553.01
7,4,72,2665.44
7,4,73,2666.84
7,4,74,3008.82
7,4,75,2940.02
7,4,76,2855.74
7,4,77,3231.06
7,4,78,2786.39
7,4,79,2566.96
7,4,80,2515.59
7,4,81,2729.83
7,4,82,2552.52
7,4,83,2769.13
7,4,84,2876.21
7,4,85,2560.88
7,4,86,2559.91
7,4,87,2865.93
7,4,88,2846.42
7,4,89,2854.48
7,4,90,3205.80
7,5,1,2471.24
7,5,2,2114.06
7,5,3,2129.98
7,5,4,2165.85
7,5,5,2088.43
7,5,6,2460.50
7,5,7,2412.86
7,5,8,2407.99
7,5,9,2172.75
7,5,10,2179.21
7,5,11,2242.10
7,5,12,2482.81
7,5,13,2325.57
7,5,14,2413.08
7,5,15,2352.06
7,5,16,2463.79
7,5,17,2500.96
7,5,18,2350.67
7,5,19,2533.73
7,5,20,2607.36
7,5,21,2504.28
7,5,22,2197.40
7,5,23,2483.36
7,5,24,2205.51
7,5,25,2443.85
7,5,26,2509.84
7,5,27,2583.12
7,5,28,2731.09
7,5,29,2237.60
7,5,30,2225.43
7,5,31,2241.69
7,5,32,2247.03
7,5,33,2479.74
7,5,34,2512.13
7,5,35,2587.89
7,5,36,2185.11
7,5,37,2122.63
7,5,38,2245.42
7,5,39,2204.08
7,5,40,2177.89
7,5,41,2509.89
7,5,42,2516.40
7,5,43,2397.20
7,5,44,2307.47
7,5,45,2430.28
7,5,46,2375.09
7,5,47,2286.33
7,5,48,2787.00
7,5,49,2336.86
7,5,50,2173.05
7,5,51,2323.34
7,5,52,2151.78
7,5,53,2188.29
7,5,54,2484.24
7,5,55,2387.23
7,5,56,2472.94
7,5,57,2068.20
7,5,58,2282.53
7,5,59,2349.14
7,5,60,2231.54
7,5,61,2185.24
7,5,62,2651.84
7,5,63,2377.37
7,5,64,2208.33
7,5,65,2527.81
7,5,66,2141.32
7,5,67,2445.13
7,5,68,2339.11
7,5,69,2649.31
7,5,70,2317.33
7,5,71,2017.42
7,5,72,2311.78
7,5,73,2119.94
7,5,74,2542.12
7,5,75,2134.01
7,5,76,2298.87
7,5,77,2788.68
7,5,78,2217.25
7,5,79,2234.04
7,5,80,2329.39
7,5,81,2315.32
7,5,82,2411.18
7,5,83,2351.14
7,5,84,2427.28
7,5,85,2332.70
7,5,86,2372.92
7,5,87,2228.13
7,5,88,2237.32
7,5,89,2222.25
7,5,90,2388.51
7,6,1,2618.26
7,6,2,2529.28
7,6,3,2362.46
7,6,4,2629.31
7,6,5,2579.94
7,6,6,2738.82
7,6,7,2429.28
7,6,8,2516.12
7,6,9,2384.88
7,6,10,2553.28
7,6,11,2383.98
7,6,12,2393.29
7,6,13,2834.88
7,6,14,2493.30
7,6,15,2206.68
7,6,16,2297.06
7,6,17,2483.59
7,6,18,2568.81
7,6,19,2426.64
7,6,20,2583.12
7,6,21,2813.74
7,6,22,2255.14
7,6,23,2367.64
7,6,24,2624.43
7,6,25,2323.89
7,6,26,2190.49
7,6,27,2818.19
7,6,28,2616.31
7,6,29,2405.39
7,6,30,2490.08
7,6,31,2256.49
7,6,32,2094.91
7,6,33,2281.61
7,6,34,2940.81
7,6,35,2819.79
7,6,36,2244.72
7,6,37,2591.19
7,6,38,2633.14
7,6,39,2432.76
7,6,40,2393.39
7,6,41,2411.83
7,6,42,2689.68
7,6,43,2288.10
7,6,44,2563.43
7,6,45,2481.16
7,6,46,2604.11
7,6,47,2274.44
7,6,48,2854.75
7,6,49,2581.12
7,6,50,2443.41
7,6,51,2581.15
7,6,52,2288.14
7,6,53,2626.35
7,6,54,2259.19
7,6,55,2604.74
7,6,56,2466.53
7,6,57,2393.62
7,6,58,2553.08
7,6,59,2500.02
7,6,60,2587.83
7,6,61,2251.59
7,6,62,2903.62
7,6,63,2651.42
7,6,64,2392.35
7,6,65,2649.56
7,6,66,2379.72
7,6,67,2551.08
7,6,68,2595.41
7,6,69,2852.45
7,6,70,2922.22
7,6,71,2390.96
7,6,72,2489.45
7,6,73,2496.77
7,6,74,2194.37
7,6,75,2615.36
7,6,76,2824.07
7,6,77,2550.97
7,6,78,2219.46
7,6,79,2379.62
7,6,80,2549.15
7,6,81,2260.75
7,6,82,2538.16
7,6,83,2928.43
7,6,84,2779.60
7,6,85,2528.04
7,6,86,2544.14
7,6,87,2374.29
7,6,88,2262.98
7,6,89,2413.08
7,6,90,2732.03
7,15,1,2578.15
7,15,2,2668.96
7,15,3,2498.29
7,15,4,2489.39
7,15,5,2863.94
7,15,6,2605.83
7,15,7,2954.08
7,15,8,2382.59
7,15,9,2730.14
7,15,10,2714.05
7,15,11,2698.75
7,15,12,2788.87
7,15,13,2824.44
7,15,14,2632.73
7,15,15,2332.56
7,15,16,2395.65
7,15,17,2772.95
7,15,18,2410.53
7,15,19,2414.58
7,15,20,2937.08
7,15,21,3148.39
7,15,22,2527.67
7,15,23,2396.21
7,15,24,2857.51
7,15,25,2486.14
7,15,26,2481.36
7,15,27,3022.51
7,15,28,2885.34
7,15,29,2614.64
7,15,30,2695.68
7,15,31,2688.28
7,15,32,2635.33
7,15,33,2611.56
7,15,34,2749.00
7,15,35,3073.08
7,15,36,2741.20
7,15,37,2884.76
7,15,38,2547.37
7,15,39,2394.27
7,15,40,2469.60
7,15,41,2803.56
7,15,42,2756.18
7,15,43,2645.79
7,15,44,2715.09
7,15,45,2639.27
7,15,46,2566.64
7,15,47,2685.42
7,15,48,2709.80
7,15,49,2843.86
7,15,50,2301.89
7,15,51,2415.34
7,15,52,2463.44
7,15,53,2615.67
7,15,54,2513.18
7,15,55,2658.40
7,15,56,2727.93
7,15,57,2407.65
7,15,58,2623.86
7,15,59,2699.13
7,15,60,2659.54
7,15,61,2537.48
7,15,62,2942.47
7,15,63,2829.75
7,15,64,2250.17
7,15,65,2757.66
7,15,66,2804.87
7,15,67,2617.31
7,15,68,2718.34
7,15,69,3004.72
7,15,70,3166.91
7,15,71,2259.16
7,15,72,2634.26
7,15,73,2407.01
7,15,74,2666.00
7,15,75,2853.23
7,15,76,2669.99
7,15,77,2658.16
7,15,78,2614.38
7,15,79,2681.43
7,15,80,2767.30
7,15,81,2608.23
7,15,82,2844.82
7,15,83,2897.34
7,15,84,2844.73
7,15,85,2358.25
7,15,86,2546.08
7,15,87,2777.34
7,15,88,2639.99
7,15,89,2502.28
7,15,90,2671.02
7,16,1,2160.63
7,16,2,2280.58
7,16,3,2418.90
7,16,4,2362.57
7,16,5,2282.77
7,16,6,2440.15
7,16,7,2705.38
7,16,8,2269.13
7,16,9,2360.86
7,16,10,2438.07
7,16,11,2561.12
7,16,12,2439.05
7,16,13,2464.00
7,16,14,2600.03
7,16,15,2345.10
7,16,16,2238.75
7,16,17,2355.00
7,16,18,2345.13
7,16,19,2436.23
7,16,20,2730.98
7,16,21,2817.19
7,16,22,2439.08
7,16,23,2536.80
7,16,24,2639.16
7,16,25,2324.37
7,16,26,2171.87
7,16,27,2501.72
7,16,28,2497.12
7,16,29,2114.30
7,16,30,2182.20
7,16,31,2461.16
7,16,32,2488.25
7,16,33,2539.78
7,16,34,2714.49
7,16,35,2694.38
7,16,36,2330.59
7,16,37,2550.76
7,16,38,2579.90
7,16,39,2560.66
7,16,40,2537.74
7,16,41,2681.82
7,16,42,2526.41
7,16,43,2369.71
7,16,44,2638.32
7,16,45,2466.60
7,16,46,2296.52
7,16,47,2472.51
7,16,48,2465.54
7,16,49,2734.25
7,16,50,2103.58
7,16,51,2587.37
7,16,52,2401.52
7,16,53,2521.87
7,16,54,2394.05
7,16,55,2887.76
7,16,56,2544.29
7,16,57,2454.58
7,16,58,2187.48
7,16,59,2411.51
7,16,60,2548.87
7,16,61,2208.66
7,16,62,2434.96
7,16,63,2504.76
7,16,64,2498.95
7,16,65,2584.82
7,16,66,2543.11
7,16,67,2468.61
7,16,68,2336.20
7,16,69,2685.89
7,16,70,2716.62
7,16,71,2120.13
7,16,72,2254.49
7,16,73,2318.26
7,16,74,2390.83
7,16,75,2581.26
7,16,76,2798.57
7,16,77,2480.30
7,16,78,2081.78
7,16,79,2556.02
7,16,80,2340.39
7,16,81,2412.29
7,16,82,2513.94
7,16,83,2787.01
7,16,84,2821.72
7,16,85,2426.18
7,16,86,2388.09
7,16,87,2349.65
7,16,88,2474.01
7,16,89,2411.43
7,16,90,2416.47
8,4,1,2564.32
8,4,2,2322.39
8,4,3,2703.71
8,4,4,2730.05
8,4,5,2273.82
8,4,6,2796.42
8,4,7,2506.54
8,4,8,2513.75
8,4,9,2760.29
8,4,10,2723.94
8,4,11,2664.12
8,4,12,2660.64
8,4,13,2655.49
8,4,14,2716.21
8,4,15,2402.55
8,4,16,2416.88
8,4,17,2722.83
8,4,18,2633.69
8,4,19,2477.35
8,4,20,2844.06
8,4,21,2667.69
8,4,22,2322.08
8,4,23,2562.16
8,4,24,2568.64
8,4,25,2425.67
8,4,26,2317.54
8,4,27,2892.73
8,4,28,2974.07
8,4,29,2347.19
8,4,30,2500.11
8,4,31,2468.12
8,4,32,2205.95
8,4,33,2372.13
8,4,34,2978.11
8,4,35,2797.63
8,4,36,2543.59
8,4,37,2659.70
8,4,38,2388.28
8,4,39,2353.86
8,4,40,2341.61
8,4,41,2544.41
8,4,42,2847.49
8,4,43,2446.96
8,4,44,2730.30
8,4,45,2379.36
8,4,46,2374.12
8,4,47,2428.58
8,4,48,2578.97
8,4,49,2770.35
8,4,50,2468.83
8,4,51,2259.30
8,4,52,2683.92
8,4,53,2504.44
8,4,54,2530.14
8,4,55,2672.17
8,4,56,2978.93
8,4,57,2357.12
8,4,58,2340.73
8,4,59,2551.03
8,4,60,2758.53
8,4,61,2482.66
8,4,62,2519.33
8,4,63,2740.38
8,4,64,2519.60
8,4,65,2745.58
8,4,66,2668.27
8,4,67,2415.67
8,4,68,2620.82
8,4,69,2881.43
8,4,70,2871.64
8,4,71,2311.35
8,4,72,2700.17
8,4,73,2425.01
8,4,74,2275.52
8,4,75,2621.16
8,4,76,2697.68
8,4,77,2707.50
8,4,78,2287.24
8,4,79,2450.86
8,4,80,2388.17
8,4,81,2507.47
8,4,82,2711.98
8,4,83,3006.39
8,4,84,2535.95
8,4,85,2152.43
8,4,86,2665.29
8,4,87,2373.96
8,4,88,2546.16
8,4,89,2632.55
8,4,90,2787.88
8,5,1,2369.95
8,5,2,1977.80
8,5,3,2130.48
8,5,4,2321.36
8,5,5,2048.08
8,5,6,2578.48
8,5,7,2459.75
8,5,8,1884.34
8,5,9,2138.98
8,5,10,2265.08
8,5,11,2095.88
8,5,12,2247.56
8,5,13,2383.51
8,5,14,2290.24
8,5,15,2112.73
8,5,16,2126.23
8,5,17,2024.89
8,5,18,2117.91
8,5,19,2333.86
8,5,20,2191.16
8,5,21,2459.18
8,5,22,2060.24
8,5,23,2386.08
8,5,24,2029.67
8,5,25,2336.98
8,5,26,2186.80
8,5,27,2387.65
8,5,28,2425.92
8,5,29,2208.10
8,5,30,2337.16
8,5,31,2204.85
8,5,32,2091.13
8,5,33,2268.07
8,5,34,2553.85
8,5,35,2257.72
8,5,36,2244.16
8,5,37,2277.52
8,5,38,2201.62
8,5,39,2372.41
8,5,40,2307.01
8,5,41,2483.20
8,5,42,2232.65
8,5,43,2248.16
8,5,44,2018.36
8,5,45,1972.57
8,5,46,2297.14
8,5,47,1967.73
8,5,48,2438.88
8,5,49,2330.79
8,5,50,2176.29
8,5,51,2040.97
8,5,52,2235.23
8,5,53,2369.20
8,5,54,2298.49
8,5,55,2305.09
8,5,56,2156.29
8,5,57,2211.45
8,5,58,2285.08
8,5,59,2386.60
8,5,60,2051.70
8,5,61,2049.82
8,5,62,2258.33
8,5,63,2606.94
8,5,64,1904.71
8,5,65,2007.60
8,5,66,2181.97
8,5,67,2062.47
8,5,68,2279.20
8,5,69,2403.05
8,5,70,2292.20
8,5,71,1935.62
8,5,72,2285.65
8,5,73,2149.52
8,5,74,2048.55
8,5,75,2250.68
8,5,76,2242.31
8,5,77,2567.19
8,5,78,1924.07
8,5,79,2322.71
8,5,80,2084.02
8,5,81,2157.51
8,5,82,2128.94
8,5,83,2578.06
8,5,84,2534.52
8,5,85,2266.99
8,5,86,2064.45
8,5,87,2154.65
8,5,88,2336.53
8,5,89,2157.50
8,5,90,2509.40
8,6,1,1602.04
8,6,2,1874.53
8,6,3,1829.19
8,6,4,1591.90
8,6,5,1606.13
8,6,6,1761.15
8,6,7,2023.40
8,6,8,1666.88
8,6,9,1725.56
8,6,10,1913.10
8,6,11,1682.36
8,6,12,1768.08
8,6,13,1825.95
8,6,14,2064.52
8,6,15,1524.70
8,6,16,1870.37
8,6,17,1694.16
8,6,18,1878.89
8,6,19,1760.26
8,6,20,1996.73
8,6,21,2055.19
8,6,22,1752.29
8,6,23,1700.07
8,6,24,1864.83
8,6,25,1912.84
8,6,26,1862.63
8,6,27,1855.78
8,6,28,2055.37
8,6,29,1801.89
8,6,30,1582.27
8,6,31,1724.96
8,6,32,1923.80
8,6,33,1907.03
8,6,34,1833.20
8,6,35,2073.36
8,6,36,1686.79
8,6,37,1879.01
8,6,38,1780.54
8,6,39,1583.62
8,6,40,1651.17
8,6,41,2111.96
8,6,42,1817.70
8,6,43,1723.08
8,6,44,1890.69
8,6,45,1850.75
8,6,46,1654.50
8,6,47,1792.36
8,6,48,1826.31
8,6,49,1749.72
8,6,50,1598.86
8,6,51,1729.19
8,6,52,1908.39
8,6,53,1725.86
8,6,54,1899.99
8,6,55,1811.77
8,6,56,2076.66
8,6,57,1766.55
8,6,58,1647.48
8,6,59,1762.30
8,6,60,1713.78
8,6,61,1749.61
8,6,62,2041.86
8,6,63,1837.73
8,6,64,1530.88
8,6,65,1754.82
8,6,66,1846.44
8,6,67,1745.36
8,6,68,1906.87
8,6,69,1760.01
8,6,70,1774.03
8,6,71,1633.36
8,6,72,1657.18
8,6,73,1618.48
8,6,74,1714.31
8,6,75,1734.04
8,6,76,1919.30
8,6,77,1965.18
8,6,78,1655.24
8,6,79,1760.04
8,6,80,1894.79
8,6,81,1890.06
8,6,82,1870.92
8,6,83,1986.68
8,6,84,1885.48
8,6,85,1561.77
8,6,86,1799.64
8,6,87,1908.70
8,6,88,1783.54
8,6,89,1631.01
8,6,90,1741.83
8,15,1,2166.93
8,15,2,2121.93
8,15,3,2414.91
8,15,4,2194.89
8,15,5,2173.83
8,15,6,2367.01
8,15,7,2397.20
8,15,8,1893.60
8,15,9,2087.97
8,15,10,2017.87
8,15,11,2165.60
8,15,12,2393.10
8,15,13,2426.28
8,15,14,2484.25
8,15,15,1920.99
8,15,16,2341.66
8,15,17,2147.48
8,15,18,1992.40
8,15,19,2083.64
8,15,20,2292.93
8,15,21,2619.82
8,15,22,1910.50
8,15,23,1994.10
8,15,24,2347.64
8,15,25,2072.81
8,15,26,2032.81
8,15,27,2223.52
8,15,28,2249.90
8,15,29,1930.76
8,15,30,2417.95
8,15,31,2270.17
8,15,32,2093.14
8,15,33,2408.45
8,15,34,2650.93
8,15,35,2322.51
8,15,36,2272.76
8,15,37,2364.57
8,15,38,1995.85
8,15,39,2416.29
8,15,40,2250.65
8,15,41,2422.97
8,15,42,2277.69
8,15,43,1941.16
8,15,44,2398.74
8,15,45,2170.92
8,15,46,2295.09
8,15,47,2184.16
8,15,48,2290.16
8,15,49,2374.86
8,15,50,2182.83
8,15,51,2042.75
8,15,52,2067.20
8,15,53,2187.32
8,15,54,2104.58
8,15,55,2220.88
8,15,56,2235.94
8,15,57,1949.11
8,15,58,2389.28
8,15,59,2166.53
8,15,60,2353.38
8,15,61,2241.30
8,15,62,2183.95
8,15,63,2494.46
8,15,64,2280.69
8,15,65,2099.58
8,15,66,2301.77
8,15,67,2127.48
8,15,68,2296.75
8,15,69,2624.07
8,15,70,2283.05
8,15,71,2272.58
8,15,72,2327.30
8,15,73,2020.67
8,15,74,2206.16
8,15,75,2215.53
8,15,76,2454.88
8,15,77,2610.90
8,15,78,1987.21
8,15,79,2318.28
8,15,80,2349.16
8,15,81,2170.39
8,15,82,2308.06
8,15,83,2554.05
8,15,84,2639.82
8,15,85,2144.88
8,15,86,2215.28
8,15,87,2126.53
8,15,88,2141.40
8,15,89,2250.35
8,15,90,2382.78
8,16,1,2010.48
8,16,2,1905.45
8,16,3,2054.69
8,16,4,2026.01
8,16,5,2213.76
8,16,6,2405.62
8,16,7,2415.44
8,16,8,2169.19
8,16,9,2032.10
8,16,10,2208.18
8,16,11,2188.81
8,16,12,1924.89
8,16,13,2209.19
8,16,14,2464.33
8,16,15,2054.41
8,16,16,1995.97
8,16,17,1899.24
8,16,18,2126.67
8,16,19,2001.71
8,16,20,2390.19
8,16,21,2495.18
8,16,22,1996.36
8,16,23,1934.53
8,16,24,2078.67
8,16,25,2145.44
8,16,26,2056.16
8,16,27,2528.92
8,16,28,2381.04
8,16,29,1987.82
8,16,30,2014.12
8,16,31,2049.99
8,16,32,2173.27
8,16,33,2034.37
8,16,34,2386.64
8,16,35,2323.66
8,16,36,2074.30
8,16,37,2258.31
8,16,38,2124.49
8,16,39,2272.03
8,16,40,1900.99
8,16,41,2438.15
8,16,42,2201.86
8,16,43,1886.34
8,16,44,2198.71
8,16,45,1893.88
8,16,46,2065.39
8,16,47,2139.50
8,16,48,2486.59
8,16,49,2386.72
8,16,50,2164.54
8,16,51,2104.54
8,16,52,2283.66
8,16,53,1994.17
8,16,54,2082.83
8,16,55,2281.99
8,16,56,2333.91
8,16,57,2069.58
8,16,58,2207.47
8,16,59,2031.28
8,16,60,2087.94
8,16,61,1983.80
8,16,62,2096.80
8,16,63,2312.53
8,16,64,2105.98
8,16,65,2123.87
8,16,66,1911.26
8,16,67,2147.36
8,16,68,2163.46
8,16,69,2225.44
8,16,70,2427.72
8,16,71,2077.73
8,16,72,2073.58
8,16,73,2094.72
8,16,74,2237.05
8,16,75,2090.80
8,16,76,2082.30
8,16,77,2238.64
8,16,78,2132.72
8,16,79,2140.70
8,16,80,2103.98
8,16,81,2240.41
8,16,82,2288.29
8,16,83,2378.49
8,16,84,2374.88
8,16,85,1891.26
8,16,86,2062.50
8,16,87,2189.31
8,16,88,2174.08
8,16,89,2050.83
8,16,90,2244.18
9,4,1,224.04
9,4,2,240.42
9,4,3,243.99
9,4,4,215.14
9,4,5,209.34
9,4,6,238.40
9,4,7,240.28
9,4,8,228.86
9,4,9,225.33
9,4,10,216.60
9,4,11,224.67
9,4,12,205.61
9,4,13,235.88
9,4,14,262.17
9,4,15,226.37
9,4,16,231.13
9,4,17,229.62
9,4,18,213.87
9,4,19,247.27
9,4,20,260.73
9,4,21,272.38
9,4,22,218.63
9,4,23,230.58
9,4,24,245.52
9,4,25,234.39
9,4,26,224.10
9,4,27,259.67
9,4,28,241.12
9,4,29,220.43
9,4,30,244.16
9,4,31,227.52
9,4,32,208.00
9,4,33,216.29
9,4,34,249.40
9,4,35,274.49
9,4,36,208.60
9,4,37,224.64
9,4,38,243.75
9,4,39,222.29
9,4,40,233.51
9,4,41,241.42
9,4,42,248.50
9,4,43,206.13
9,4,44,216.94
9,4,45,224.13
9,4,46,225.36
9,4,47,225.35
9,4,48,225.53
9,4,49,263.65
9,4,50,236.72
9,4,51,248.71
9,4,52,242.34
9,4,53,219.03
9,4,54,242.96
9,4,55,260.94
9,4,56,246.67
9,4,57,220.71
9,4,58,213.94
9,4,59,244.75
9,4,60,250.27
9,4,61,228.19
9,4,62,229.66
9,4,63,246.56
9,4,64,226.64
9,4,65,207.85
9,4,66,233.85
9,4,67,241.47
9,4,68,244.77
9,4,69,225.65
9,4,70,271.20
9,4,71,224.47
9,4,72,243.50
9,4,73,244.79
9,4,74,215.42
9,4,75,239.30
9,4,76,267.27
9,4,77,249.24
9,4,78,222.82
9,4,79,236.12
9,4,80,207.24
9,4,81,213.59
9,4,82,237.78
9,4,83,265.52
9,4,84,245.44
9,4,85,203.07
9,4,86,224.12
9,4,87,242.66
9,4,88,209.13
9,4,89,232.22
9,4,90,235.65
9,5,1,231.70
9,5,2,220.68
9,5,3,190.82
9,5,4,193.39
9,5,5,190.97
9,5,6,218.04
9,5,7,235.36
9,5,8,208.83
9,5,9,221.11
9,5,10,211.37
9,5,11,197.48
9,5,12,226.06
9,5,13,216.45
9,5,14,205.70
9,5,15,188.74
9,5,16,225.16
9,5,17,222.34
9,5,18,221.46
9,5,19,208.93
9,5,20,206.46
9,5,21,231.96
9,5,22,214.33
9,5,23,207.34
9,5,24,186.39
9,5,25,207.07
9,5,26,190.46
9,5,27,206.69
9,5,28,232.91
9,5,29,209.24
9,5,30,205.88
9,5,31,224.13
9,5,32,215.78
9,5,33,195.93
9,5,34,232.29
9,5,35,217.77
9,5,36,193.75
9,5,37,194.51
9,5,38,208.21
9,5,39,225.42
9,5,40,217.80
9,5,41,219.64
9,5,42,214.84
9,5,43,180.44
9,5,44,199.72
9,5,45,206.01
9,5,46,209.23
9,5,47,197.21
9,5,48,217.93
9,5,49,212.56
9,5,50,213.75
9,5,51,221.00
9,5,52,226.33
9,5,53,207.21
9,5,54,190.85
9,5,55,208.59
9,5,56,212.57
9,5,57,177.68
9,5,58,196.36
9,5,59,225.61
9,5,60,170.40
9,5,61,188.88
9,5,62,238.27
9,5,63,220.33
9,5,64,211.37
9,5,65,203.01
9,5,66,201.22
9,5,67,212.98
9,5,68,185.54
9,5,69,215.92
9,5,70,207.87
9,5,71,202.94
9,5,72,185.98
9,5,73,223.25
9,5,74,209.56
9,5,75,202.62
9,5,76,248.65
9,5,77,245.68
9,5,78,206.78
9,5,79,221.11
9,5,80,193.05
9,5,81,197.99
9,5,82,211.83
9,5,83,206.51
9,5,84,239.77
9,5,85,193.64
9,5,86,197.88
9,5,87,189.11
9,5,88,189.06
9,5,89,220.68
9,5,90,239.09
9,6,1,224.53
9,6,2,221.06
9,6,3,220.63
9,6,4,219.90
9,6,5,205.25
9,6,6,244.73
9,6,7,246.94
9,6,8,193.26
9,6,9,200.33
9,6,10,228.34
9,6,11,233.89
9,6,12,228.49
9,6,13,236.22
9,6,14,225.18
9,6,15,197.74
9,6,16,204.18
9,6,17,224.81
9,6,18,200.15
9,6,19,209.69
9,6,20,261.29
9,6,21,247.89
9,6,22,198.32
9,6,23,227.69
9,6,24,212.42
9,6,25,223.45
9,6,26,213.50
9,6,27,228.13
9,6,28,230.07
9,6,29,207.33
9,6,30,237.59
9,6,31,218.42
9,6,32,192.56
9,6,33,200.43
9,6,34,255.06
9,6,35,243.71
9,6,36,192.63
9,6,37,227.45
9,6,38,234.08
9,6,39,224.20
9,6,40,222.02
9,6,41,254.67
9,6,42,222.65
9,6,43,196.10
9,6,44,197.93
9,6,45,197.77
9,6,46,203.89
9,6,47,210.57
9,6,48,245.76
9,6,49,219.64
9,6,50,186.42
9,6,51,206.51
9,6,52,207.74
9,6,53,197.97
9,6,54,208.89
9,6,55,262.15
9,6,56,234.66
9,6,57,194.52
9,6,58,198.48
9,6,59,196.85
9,6,60,232.95
9,6,61,199.26
9,6,62,217.19
9,6,63,229.86
9,6,64,210.38
9,6,65,229.02
9,6,66,229.59
9,6,67,196.16
9,6,68,237.24
9,6,69,255.65
9,6,70,240.96
9,6,71,213.66
9,6,72,229.65
9,6,73,235.47
9,6,74,224.61
9,6,75,217.66
9,6,76,243.10
9,6,77,230.50
9,6,78,199.54
9,6,79,218.14
9,6,80,224.95
9,6,81,207.81
9,6,82,202.44
9,6,83,240.75
9,6,84,243.96
9,6,85,215.89
9,6,86,233.62
9,6,87,215.73
9,6,88,217.22
9,6,89,232.58
9,6,90,259.19
9,15,1,181.20
9,15,2,199.23
9,15,3,194.89
9,15,4,171.74
9,15,5,190.13
9,15,6,224.32
9,15,7,216.14
9,15,8,185.41
9,15,9,185.40
9,15,10,172.67
9,15,11,184.03
9,15,12,187.05
9,15,13,212.10
9,15,14,209.14
9,15,15,191.69
9,15,16,173.71
9,15,17,199.07
9,15,18,201.51
9,15,19,179.52
9,15,20,206.84
9,15,21,188.45
9,15,22,192.69
9,15,23,192.68
9,15,24,172.44
9,15,25,200.01
9,15,26,190.87
9,15,27,217.71
9,15,28,197.99
9,15,29,182.95
9,15,30,196.06
9,15,31,186.21
9,15,32,187.16
9,15,33,188.32
9,15,34,221.43
9,15,35,190.94
9,15,36,188.48
9,15,37,200.87
9,15,38,189.91
9,15,39,181.29
9,15,40,191.94
9,15,41,199.63
9,15,42,207.39
9,15,43,175.56
9,15,44,195.74
9,15,45,172.33
9,15,46,204.89
9,15,47,190.22
9,15,48,198.72
9,15,49,205.28
9,15,50,181.18
9,15,51,191.78
9,15,52,204.06
9,15,53,179.24
9,15,54,191.38
9,15,55,193.30
9,15,56,216.60
9,15,57,196.16
9,15,58,184.65
9,15,59,194.97
9,15,60,199.12
9,15,61,199.99
9,15,62,194.89
9,15,63,218.42
9,15,64,185.27
9,15,65,202.18
9,15,66,206.88
9,15,67,195.62
9,15,68,182.60
9,15,69,215.56
9,15,70,220.56
9,15,71,173.17
9,15,72,196.50
9,15,73,172.59
9,15,74,170.71
9,15,75,173.42
9,15,76,207.99
9,15,77,194.38
9,15,78,194.46
9,15,79,183.20
9,15,80,194.58
9,15,81,187.81
9,15,82,199.39
9,15,83,207.91
9,15,84,202.92
9,15,85,191.69
9,15,86,173.49
9,15,87,172.77
9,15,88,188.79
9,15,89,185.72
9,15,90,220.72
9,16,1,187.74
9,16,2,192.01
9,16,3,182.76
9,16,4,196.75
9,16,5,179.27
9,16,6,216.15
9,16,7,195.91
9,16,8,192.97
9,16,9,203.69
9,16,10,184.45
9,16,11,173.35
9,16,12,178.63
9,16,13,199.83
9,16,14,197.92
9,16,15,180.29
9,16,16,202.97
9,16,17,186.03
9,16,18,180.83
9,16,19,170.90
9,16,20,218.32
9,16,21,205.90
9,16,22,188.77
9,16,23,185.71
9,16,24,203.71
9,16,25,204.98
9,16,26,200.15
9,16,27,221.62
9,16,28,189.54
9,16,29,175.23
9,16,30,199.91
9,16,31,204.17
9,16,32,191.00
9,16,33,178.93
9,16,34,194.29
9,16,35,224.13
9,16,36,176.92
9,16,37,189.67
9,16,38,190.71
9,16,39,194.32
9,16,40,175.02
9,16,41,204.30
9,16,42,197.84
9,16,43,172.10
9,16,44,173.41
9,16,45,207.19
9,16,46,182.38
9,16,47,206.66
9,16,48,222.30
9,16,49,228.05
9,16,50,177.41
9,16,51,183.22
9,16,52,195.13
9,16,53,192.55
9,16,54,197.20
9,16,55,190.17
9,16,56,215.29
9,16,57,167.54
9,16,58,172.86
9,16,59,181.54
9,16,60,187.30
9,16,61,196.58
9,16,62,195.97
9,16,63,222.50
9,16,64,179.98
9,16,65,181.29
9,16,66,185.16
9,16,67,178.45
9,16,68,187.01
9,16,69,189.08
9,16,70,191.72
9,16,71,190.85
9,16,72,194.87
9,16,73,181.84
9,16,74,186.23
9,16,75,197.39
9,16,76,209.95
9,16,77,220.80
9,16,78,165.13
9,16,79,175.90
9,16,80,189.00
9,16,81,190.44
9,16,82,205.48
9,16,83,217.51
9,16,84,208.28
9,16,85,184.99
9,16,86,199.71
9,16,87,188.87
9,16,88,174.22
9,16,89,200.90
9,16,90,217.12
10,4,1,215.05
10,4,2,211.42
10,4,3,184.00
10,4,4,207.60
10,4,5,210.43
10,4,6,219.98
10,4,7,213.40
10,4,8,187.36
10,4,9,205.68
10,4,10,212.30
10,4,11,189.05
10,4,12,194.75
10,4,13,238.52
10,4,14,206.03
10,4,15,180.18
10,4,16,200.71
10,4,17,188.00
10,4,18,189.10
10,4,19,220.90
10,4,20,205.89
10,4,21,223.64
10,4,22,206.41
10,4,23,198.07
10,4,24,201.42
10,4,25,194.58
10,4,26,220.12
10,4,27,201.68
10,4,28,216.70
10,4,29,199.57
10,4,30,185.63
10,4,31,191.81
10,4,32,192.74
10,4,33,204.57
10,4,34,225.84
10,4,35,240.87
10,4,36,190.90
10,4,37,187.91
10,4,38,212.56
10,4,39,195.26
10,4,40,199.44
10,4,41,229.76
10,4,42,240.91
10,4,43,198.65
10,4,44,191.51
10,4,45,186.67
10,4,46,192.13
10,4,47,214.23
10,4,48,216.91
10,4,49,236.39
10,4,50,176.30
10,4,51,207.37
10,4,52,183.71
10,4,53,189.33
10,4,54,184.12
10,4,55,235.74
10,4,56,225.26
10,4,57,180.43
10,4,58,222.95
10,4,59,206.85
10,4,60,202.76
10,4,61,220.43
10,4,62,236.12
10,4,63,213.51
10,4,64,192.99
10,4,65,221.19
10,4,66,200.35
10,4,67,195.60
10,4,68,190.94
10,4,69,221.13
10,4,70,214.83
10,4,71,191.43
10,4,72,184.56
10,4,73,195.61
10,4,74,183.56
10,4,75,185.84
10,4,76,233.01
10,4,77,240.16
10,4,78,207.89
10,4,79,223.84
10,4,80,186.25
10,4,81,196.87
10,4,82,212.43
10,4,83,220.27
10,4,84,243.52
10,4,85,194.18
10,4,86,189.75
10,4,87,214.72
10,4,88,188.84
10,4,89,191.83
10,4,90,238.51
10,5,1,208.19
10,5,2,170.68
10,5,3,186.03
10,5,4,176.90
10,5,5,200.00
10,5,6,191.13
10,5,7,216.62
10,5,8,175.72
10,5,9,176.08
10,5,10,187.92
10,5,11,185.45
10,5,12,193.68
10,5,13,196.33
10,5,14,194.51
10,5,15,170.51
10,5,16,188.09
10,5,17,194.99
10,5,18,180.06
10,5,19,186.12
10,5,20,192.81
10,5,21,217.59
10,5,22,171.09
10,5,23,185.11
10,5,24,175.82
10,5,25,188.77
10,5,26,187.27
10,5,27,223.55
10,5,28,220.22
10,5,29,177.26
10,5,30,207.46
10,5,31,186.82
10,5,32,162.15
10,5,33,176.46
10,5,34,196.45
10,5,35,214.80
10,5,36,181.38
10,5,37,176.84
10,5,38,183.88
10,5,39,197.84
10,5,40,179.50
10,5,41,203.35
10,5,42,209.90
10,5,43,187.16
10,5,44,171.84
10,5,45,206.37
10,5,46,199.41
10,5,47,197.52
10,5,48,190.49
10,5,49,193.81
10,5,50,190.30
10,5,51,204.06
10,5,52,205.22
10,5,53,173.31
10,5,54,181.51
10,5,55,202.12
10,5,56,219.35
10,5,57,190.23
10,5,58,186.37
10,5,59,188.25
10,5,60,196.03
10,5,61,198.87
10,5,62,213.40
10,5,63,223.38
10,5,64,186.33
10,5,65,181.04
10,5,66,196.00
10,5,67,195.97
10,5,68,192.32
10,5,69,193.53
10,5,70,189.00
10,5,71,193.70
10,5,72,180.72
10,5,73,198.64
10,5,74,195.38
10,5,75,202.61
10,5,76,208.94
10,5,77,199.66
10,5,78,171.54
10,5,79,201.41
10,5,80,193.95
10,5,81,191.33
10,5,82,206.25
10,5,83,214.53
10,5,84,204.96
10,5,85,184.52
10,5,86,192.48
10,5,87,184.41
10,5,88,182.66
10,5,89,175.69
10,5,90,208.25
10,6,1,159.93
10,6,2,185.17
10,6,3,194.86
10,6,4,171.44
10,6,5,188.47
10,6,6,202.56
10,6,7,213.80
10,6,8,178.28
10,6,9,187.26
10,6,10,168.29
10,6,11,174.02
10,6,12,187.61
10,6,13,192.57
10,6,14,208.83
10,6,15,164.21
10,6,16,174.59
10,6,17,193.53
10,6,18,163.68
10,6,19,185.37
10,6,20,194.31
10,6,21,178.56
10,6,22,179.12
10,6,23,172.98
10,6,24,188.03
10,6,25,174.38
10,6,26,168.45
10,6,27,210.94
10,6,28,209.11
10,6,29,154.06
10,6,30,195.35
10,6,31,168.50
10,6,32,161.62
10,6,33,193.32
10,6,34,191.41
10,6,35,191.53
10,6,36,180.13
10,6,37,192.80
10,6,38,187.29
10,6,39,177.75
10,6,40,189.48
10,6,41,200.26
10,6,42,209.66
10,6,43,169.19
10,6,44,192.88
10,6,45,180.58
10,6,46,190.50
10,6,47,185.52
10,6,48,192.76
10,6,49,192.80
10,6,50,177.37
10,6,51,160.87
10,6,52,181.93
10,6,53,161.91
10,6,54,170.46
10,6,55,192.37
10,6,56,203.06
10,6,57,168.00
10,6,58,189.20
10,6,59,161.72
10,6,60,212.54
10,6,61,190.61
10,6,62,179.02
10,6,63,209.25
10,6,64,182.83
10,6,65,174.36
10,6,66,168.28
10,6,67,165.80
10,6,68,194.08
10,6,69,204.10
10,6,70,179.55
10,6,71,152.84
10,6,72,160.88
10,6,73,194.39
10,6,74,180.74
10,6,75,168.23
10,6,76,210.25
10,6,77,194.34
10,6,78,177.91
10,6,79,181.00
10,6,80,166.20
10,6,81,191.19
10,6,82,161.28
10,6,83,176.88
10,6,84,193.85
10,6,85,174.75
10,6,86,165.17
10,6,87,190.06
10,6,88,195.76
10,6,89,166.25
10,6,90,187.95
10,15,1,203.47
10,15,2,183.25
10,15,3,167.40
10,15,4,172.65
10,15,5,180.54
10,15,6,217.44
10,15,7,208.01
10,15,8,184.82
10,15,9,178.75
10,15,10,191.45
10,15,11,184.33
10,15,12,193.15
10,15,13,205.63
10,15,14,214.68
10,15,15,183.14
10,15,16,199.60
10,15,17,169.01
10,15,18,186.76
10,15,19,189.18
10,15,20,180.39
10,15,21,216.96
10,15,22,180.23
10,15,23,186.99
10,15,24,172.64
10,15,25,187.14
10,15,26,194.36
10,15,27,188.49
10,15,28,196.17
10,15,29,188.73
10,15,30,193.10
10,15,31,184.84
10,15,32,154.58
10,15,33,178.62
10,15,34,187.00
10,15,35,201.48
10,15,36,182.59
10,15,37,188.85
10,15,38,175.50
10,15,39,179.28
10,15,40,171.33
10,15,41,218.07
10,15,42,208.04
10,15,43,161.89
10,15,44,169.56
10,15,45,190.10
10,15,46,164.72
10,15,47,197.51
10,15,48,185.65
10,15,49,211.35
10,15,50,169.42
10,15,51,177.98
10,15,52,183.47
10,15,53,197.61
10,15,54,171.94
10,15,55,201.57
10,15,56,186.12
10,15,57,182.03
10,15,58,200.27
10,15,59,177.36
10,15,60,188.28
10,15,61,175.48
10,15,62,217.87
10,15,63,199.41
10,15,64,173.42
10,15,65,174.25
10,15,66,164.29
10,15,67,186.56
10,15,68,177.18
10,15,69,205.98
10,15,70,183.21
10,15,71,179.51
10,15,72,200.02
10,15,73,198.59
10,15,74,165.91
10,15,75,192.18
10,15,76,202.03
10,15,77,215.76
10,15,78,168.10
10,15,79,178.54
10,15,80,177.82
10,15,81,198.56
10,15,82,178.45
10,15,83,199.53
10,15,84,181.90
10,15,85,161.13
10,15,86,166.21
10,15,87,167.68
10,15,88,184.32
10,15,89,187.01
10,15,90,189.05
10,16,1,194.83
10,16,2,169.56
10,16,3,187.02
10,16,4,201.11
10,16,5,187.05
10,16,6,190.81
10,16,7,215.66
10,16,8,185.73
10,16,9,204.03
10,16,10,185.29
10,16,11,179.18
10,16,12,182.24
10,16,13,225.70
10,16,14,211.05
10,16,15,184.42
10,16,16,194.26
10,16,17,177.65
10,16,18,192.19
10,16,19,185.15
10,16,20,193.71
10,16,21,200.52
10,16,22,174.11
10,16,23,190.43
10,16,24,192.79
10,16,25,186.94
10,16,26,181.38
10,16,27,225.25
10,16,28,193.89
10,16,29,180.03
10,16,30,181.86
10,16,31,176.88
10,16,32,165.64
10,16,33,196.03
10,16,34,209.22
10,16,35,201.82
10,16,36,181.79
10,16,37,178.25
10,16,38,204.82
10,16,39,193.94
10,16,40,184.68
10,16,41,201.32
10,16,42,193.34
10,16,43,176.28
10,16,44,192.96
10,16,45,185.08
10,16,46,174.19
10,16,47,199.96
10,16,48,208.91
10,16,49,215.51
10,16,50,193.47
10,16,51,171.18
10,16,52,188.96
10,16,53,180.86
10,16,54,175.18
10,16,55,201.85
10,16,56,214.40
10,16,57,189.43
10,16,58,185.16
10,16,59,205.32
10,16,60,203.82
10,16,61,200.89
10,16,62,209.50
10,16,63,187.71
10,16,64,194.16
10,16,65,171.02
10,16,66,197.93
10,16,67,173.46
10,16,68,181.36
10,16,69,204.27
10,16,70,188.05
10,16,71,173.62
10,16,72,192.38
10,16,73,191.41
10,16,74,204.70
10,16,75,170.52
10,16,76,214.29
10,16,77,219.26
10,16,78,192.43
10,16,79,194.04
10,16,80,206.40
10,16,81,188.86
10,16,82,193.10
10,16,83,203.95
10,16,84,209.14
10,16,85,162.60
10,16,86,178.30
10,16,87,193.69
10,16,88,175.45
10,16,89,199.13
10,16,90,199.59
